case,selected,variant,median_wall_ms,min_wall_ms,max_wall_ms,peak_reserved_bytes,max_error,fallbacks_including_warmup
adult-d4-r10-n1000-b100,traversal,traversal,0.3336749505251646,0.32849586568772793,0.3375199157744646,2048,6.106226635438361e-16,0
adult-d4-r10-n1000-b100,traversal,dense,0.5787150003015995,0.5640829913318157,0.6008788477629423,837120,2.275957200481571e-15,0
adult-d4-r10-n1000-b100,traversal,policy,0.3359280526638031,0.3333841450512409,0.34076510928571224,2048,3.885780586188048e-16,0
adult-d4-r10-n1000-b1000,dense,traversal,3.002892015501857,2.9933180194348097,3.004644997417927,2048,1.3877787807814457e-15,0
adult-d4-r10-n1000-b1000,dense,dense,0.5454148631542921,0.5221290048211813,0.5648140795528889,1601024,3.1530333899354446e-14,0
adult-d4-r10-n1000-b1000,dense,policy,0.5684290081262589,0.5066059529781342,0.5846638232469559,1601024,3.1530333899354446e-14,0
adult-d4-r10-n10000-b100,dense,traversal,2.9100209940224886,2.905864967033267,2.918285084888339,2048,6.106226635438361e-16,0
adult-d4-r10-n10000-b100,dense,dense,0.5918350070714951,0.5410478916019201,0.5925060249865055,7965184,4.107825191113079e-15,0
adult-d4-r10-n10000-b100,dense,policy,0.5736879538744688,0.5514349322766066,0.5916750524193048,7965184,4.163336342344337e-15,0
adult-d4-r10-n10000-b1000,dense,traversal,29.558127047494054,29.557155910879374,29.578658984974027,2048,1.1102230246251565e-15,0
adult-d4-r10-n10000-b1000,dense,dense,0.6055361591279507,0.5891111213713884,0.7374861743301153,8217088,3.9718228705964975e-14,0
adult-d4-r10-n10000-b1000,dense,policy,0.6297731306403875,0.5991258658468723,0.7312670350074768,8217088,3.9718228705964975e-14,0
adult-d5-r10-n1000-b100,traversal,traversal,0.5064960569143295,0.5006571300327778,0.5084490403532982,2048,6.661338147750939e-16,0
adult-d5-r10-n1000-b100,traversal,dense,1.0941149666905403,1.0875959414988756,1.1102200951427221,927744,2.275957200481571e-15,0
adult-d5-r10-n1000-b100,traversal,policy,0.507086981087923,0.5042930133640766,0.5162309389561415,2048,8.326672684688674e-16,0
adult-d5-r10-n1000-b1000,dense,traversal,4.696503980085254,4.688953049480915,4.711786983534694,2048,1.1102230246251565e-15,0
adult-d5-r10-n1000-b1000,dense,dense,1.0934940073639154,1.078310888260603,1.099312910810113,1763840,1.8707257964933888e-14,0
adult-d5-r10-n1000-b1000,dense,policy,1.1118920519948006,1.0327419731765985,1.1251620016992092,1763840,1.8762769116165146e-14,0
adult-d5-r10-n10000-b100,dense,traversal,4.54871985130012,4.54443390481174,4.550362005829811,2048,7.216449660063518e-16,0
adult-d5-r10-n10000-b100,dense,dense,1.0778098367154598,1.0159770026803017,1.183199929073453,8775680,3.0531133177191805e-15,0
adult-d5-r10-n10000-b100,dense,policy,1.0648099705576897,1.006151083856821,1.118381042033434,8775680,3.0531133177191805e-15,0
adult-d5-r10-n10000-b1000,dense,traversal,42.6866440102458,42.663289001211524,42.72951907478273,2048,9.992007221626409e-16,0
adult-d5-r10-n10000-b1000,dense,dense,1.1702899355441332,1.1328530963510275,1.1757388710975647,9099776,2.609024107869118e-14,0
adult-d5-r10-n10000-b1000,dense,policy,1.2257841881364584,1.0777099523693323,1.3257151003926992,9099776,2.6117996654306808e-14,0
adult-d6-r10-n1000-b100,traversal,traversal,0.7524578832089901,0.7493430748581886,0.7551121525466442,2048,5.551115123125783e-16,0
adult-d6-r10-n1000-b100,traversal,dense,1.4651259407401085,1.464935950934887,1.4861568342894316,1019392,2.0816681711721685e-15,0
adult-d6-r10-n1000-b100,traversal,policy,0.7507451809942722,0.750635052099824,0.7642460986971855,2048,5.551115123125783e-16,0
adult-d6-r10-n1000-b1000,dense,traversal,6.991845089942217,6.987008033320308,6.9974439684301615,2048,1.7763568394002505e-15,0
adult-d6-r10-n1000-b1000,dense,dense,1.4683811459690332,1.4460869133472443,1.5637858305126429,1927680,1.9317880628477724e-14,0
adult-d6-r10-n1000-b1000,dense,policy,1.3632019981741905,1.31184421479702,1.4411399606615305,1927680,1.9317880628477724e-14,0
adult-d6-r10-n10000-b100,dense,traversal,6.741897901520133,6.7358980886638165,6.762427976354957,2048,5.551115123125783e-16,0
adult-d6-r10-n10000-b100,dense,dense,1.4971739146858454,1.4844050165265799,1.4994281809777021,9587200,3.191891195797325e-15,0
adult-d6-r10-n10000-b100,dense,policy,1.5015809331089258,1.4094519428908825,1.5197391621768475,9587200,3.191891195797325e-15,0
adult-d6-r10-n10000-b1000,dense,traversal,59.54575398936868,59.53482701443136,59.58695709705353,2048,8.326672684688674e-16,0
adult-d6-r10-n10000-b1000,dense,dense,1.5287320129573345,1.5073399990797043,1.6669710166752338,9983488,2.3175905639050143e-14,0
adult-d6-r10-n10000-b1000,dense,policy,1.5114271081984043,1.5068280044943094,1.5654379967600107,9983488,2.3175905639050143e-14,0
adult-d6-r100-n1000-b100,traversal,traversal,7.452582009136677,7.44302780367434,7.455667015165091,2048,2.4424906541753444e-15,0
adult-d6-r100-n1000-b100,traversal,dense,11.584531981498003,11.560345999896526,14.10494395531714,901632,4.951594689828198e-14,0
adult-d6-r100-n1000-b100,traversal,policy,7.444699993357062,7.4373590759932995,7.451329845935106,2048,2.886579864025407e-15,0
adult-d6-r100-n1000-b1000,dense,traversal,63.460916047915816,63.4176111780107,63.495808048173785,2048,6.439293542825908e-15,0
adult-d6-r100-n1000-b1000,dense,dense,11.296335840597749,11.283054947853088,11.982904048636556,1362432,5.127009927718973e-13,0
adult-d6-r100-n1000-b1000,dense,policy,11.654938105493784,11.266390793025494,11.958708055317402,1362432,5.124789481669723e-13,0
adult-d6-r100-n10000-b100,dense,traversal,62.52774386666715,62.52115499228239,62.543738866224885,2048,3.9968028886505635e-15,0
adult-d6-r100-n10000-b100,dense,dense,11.508666910231113,11.464319890365005,13.134617125615478,5509632,6.88338275267597e-14,0
adult-d6-r100-n10000-b100,dense,policy,12.075884966179729,11.834971141070127,12.376229977235198,5509632,6.927791673660977e-14,0
adult-d6-r100-n10000-b1000,dense,traversal,646.7531670350581,646.1645970121026,647.5223109591752,2048,3.1530333899354446e-14,0
adult-d6-r100-n10000-b1000,dense,dense,11.575697921216488,11.0689930152148,12.062174966558814,5970432,5.007105841059456e-13,0
adult-d6-r100-n10000-b1000,dense,policy,11.600486002862453,11.56964898109436,17.841125139966607,5970432,5.004885395010206e-13,0
cal_housing-d4-r10-n1000-b100,traversal,traversal,0.27392408810555935,0.26735407300293446,0.2764579840004444,2048,2.220446049250313e-16,0
cal_housing-d4-r10-n1000-b100,traversal,dense,0.686227809637785,0.6782151758670807,0.7055068854242563,607232,1.4710455076283324e-15,0
cal_housing-d4-r10-n1000-b100,traversal,policy,0.26819598861038685,0.26692403480410576,0.2693471033126116,2048,2.7755575615628914e-16,0
cal_housing-d4-r10-n1000-b1000,dense,traversal,2.3113659117370844,2.3101840633898973,2.3164539597928524,2048,1.2212453270876722e-15,0
cal_housing-d4-r10-n1000-b1000,dense,dense,0.6862080190330744,0.6787260062992573,0.6891321390867233,1191424,9.603429163007604e-15,0
cal_housing-d4-r10-n1000-b1000,dense,policy,0.704015139490366,0.7031930144876242,0.7198289968073368,1191424,9.547918011776346e-15,0
cal_housing-d4-r10-n10000-b100,dense,traversal,2.2777249105274677,2.274831058457494,2.2783158347010612,2048,6.106226635438361e-16,0
cal_housing-d4-r10-n10000-b100,dense,dense,0.7245058659464121,0.6761630065739155,0.7299440912902355,5935104,1.7763568394002505e-15,0
cal_housing-d4-r10-n10000-b100,dense,policy,0.7098130881786346,0.6566939409822226,0.7135090418159962,5935104,1.7763568394002505e-15,0
cal_housing-d4-r10-n10000-b1000,dense,traversal,23.837105138227344,23.82033900357783,24.058669107034802,2048,1.4988010832439613e-15,0
cal_housing-d4-r10-n10000-b1000,dense,dense,0.6568930111825466,0.6326769944280386,0.8004808332771063,6007296,9.686695889854491e-15,0
cal_housing-d4-r10-n10000-b1000,dense,policy,0.6947109941393137,0.6456661503762007,0.8816241752356291,6007296,9.686695889854491e-15,0
cal_housing-d5-r10-n1000-b100,traversal,traversal,0.40555396117269993,0.4050519783049822,0.4064450040459633,2048,4.996003610813204e-16,0
cal_housing-d5-r10-n1000-b100,traversal,dense,1.064609969034791,1.0427071247249842,1.0787909850478172,590336,1.1934897514720433e-15,0
cal_housing-d5-r10-n1000-b100,traversal,policy,0.40701613761484623,0.40678493678569794,0.4139360971748829,2048,4.440892098500626e-16,0
cal_housing-d5-r10-n1000-b1000,dense,traversal,3.7155000027269125,3.713055979460478,3.7273780908435583,2048,8.881784197001252e-16,0
cal_housing-d5-r10-n1000-b1000,dense,dense,1.0128819849342108,0.9378890972584486,1.049267128109932,1051136,7.577272143066693e-15,0
cal_housing-d5-r10-n1000-b1000,dense,policy,1.0240089613944292,1.010518055409193,1.0418158490210772,1051136,7.577272143066693e-15,0
cal_housing-d5-r10-n10000-b100,dense,traversal,3.594305831938982,3.593635046854615,3.5954080522060394,2048,4.440892098500626e-16,0
cal_housing-d5-r10-n10000-b100,dense,dense,1.03673804551363,0.9598820470273495,1.050448976457119,5198336,1.0269562977782698e-15,0
cal_housing-d5-r10-n10000-b100,dense,policy,1.0102679952979088,0.9383999276906252,1.0439790785312653,5198336,1.1102230246251565e-15,0
cal_housing-d5-r10-n10000-b1000,dense,traversal,35.66052718088031,35.65545892342925,35.671313060447574,2048,9.43689570931383e-16,0
cal_housing-d5-r10-n10000-b1000,dense,dense,1.0671941563487053,1.056336797773838,1.1846020352095366,5659136,1.0158540675320182e-14,0
cal_housing-d5-r10-n10000-b1000,dense,policy,1.1571210343390703,1.053323969244957,1.159674022346735,5659136,1.021405182655144e-14,0
cal_housing-d6-r10-n1000-b100,traversal,traversal,0.6197979673743248,0.6197970360517502,0.6329070311039686,2048,3.3306690738754696e-16,0
cal_housing-d6-r10-n1000-b100,traversal,dense,2.382933860644698,2.209301106631756,2.39133695140481,679424,8.881784197001252e-16,0
cal_housing-d6-r10-n1000-b100,traversal,policy,0.6286900024861097,0.6221311632543802,0.6299528758972883,2048,2.220446049250313e-16,0
cal_housing-d6-r10-n1000-b1000,dense,traversal,5.832231137901545,5.8124910574406385,5.83419413305819,2048,7.771561172376096e-16,0
cal_housing-d6-r10-n1000-b1000,dense,dense,2.0166500471532345,2.016230020672083,2.0471070893108845,1320960,5.988265439071938e-15,0
cal_housing-d6-r10-n1000-b1000,dense,policy,1.8819861579686403,1.848835963755846,1.8822778947651386,1320960,5.981326545168031e-15,0
cal_housing-d6-r10-n10000-b100,dense,traversal,5.560670979321003,5.552357994019985,5.561241880059242,2048,3.3306690738754696e-16,0
cal_housing-d6-r10-n10000-b100,dense,dense,2.0196440163999796,1.833322923630476,2.3754232097417116,6583296,1.0685896612017132e-15,0
cal_housing-d6-r10-n10000-b100,dense,policy,2.159307012334466,1.9017760641872883,2.4090739898383617,6583296,1.0547118733938987e-15,0
cal_housing-d6-r10-n10000-b1000,dense,traversal,53.19820414297283,53.1719031278044,53.22806886397302,2048,6.661338147750939e-16,0
cal_housing-d6-r10-n10000-b1000,dense,dense,2.0635209511965513,2.038203179836273,2.250022953376174,6712832,7.771561172376096e-15,0
cal_housing-d6-r10-n10000-b1000,dense,policy,2.063710941001773,2.046886133030057,2.234118990600109,6712832,7.743805596760467e-15,0
cal_housing-d6-r100-n1000-b100,traversal,traversal,5.858861841261387,5.853462964296341,5.876427982002497,2048,1.7763568394002505e-15,0
cal_housing-d6-r100-n1000-b100,traversal,dense,16.277830116450787,15.679725911468267,18.023772165179253,705024,1.9761969838327786e-14,0
cal_housing-d6-r100-n1000-b100,traversal,policy,5.85693889297545,5.855855997651815,7.271979004144669,2048,2.220446049250313e-15,0
cal_housing-d6-r100-n1000-b1000,dense,traversal,54.19996893033385,54.19459007680416,54.20793988741934,2048,4.218847493575595e-15,0
cal_housing-d6-r100-n1000-b1000,dense,dense,15.070395078510046,14.939185930415988,15.454995911568403,1165824,1.5365486660812167e-13,0
cal_housing-d6-r100-n1000-b1000,dense,policy,15.121330972760916,14.895278960466385,15.448135090991855,1165824,1.5365486660812167e-13,0
cal_housing-d6-r100-n10000-b100,dense,traversal,53.458247100934386,53.45795606262982,53.49567299708724,2048,1.7763568394002505e-15,0
cal_housing-d6-r100-n10000-b100,dense,dense,15.330608002841473,14.936582185328007,15.660356963053346,5313024,2.9976021664879227e-14,0
cal_housing-d6-r100-n10000-b100,dense,policy,15.4041089117527,15.075742034241557,15.492732170969248,5313024,2.9976021664879227e-14,0
cal_housing-d6-r100-n10000-b1000,dense,traversal,557.7986519783735,557.6976891607046,557.8979121055454,2048,1.1879386363489175e-14,0
cal_housing-d6-r100-n10000-b1000,dense,dense,15.722289914265275,15.066598076373339,16.414818121120334,5773824,1.5898393712632242e-13,0
cal_housing-d6-r100-n10000-b1000,dense,policy,15.287232818081975,14.997133053839207,15.893880045041442,5773824,1.5898393712632242e-13,0
covtype-d4-r10-n1000-b100,traversal,traversal,1.3124051038175821,1.304103061556816,1.3200761750340462,2048,5.828670879282072e-16,0
covtype-d4-r10-n1000-b100,traversal,dense,3.181452164426446,3.152957884594798,3.4282049164175987,1328128,2.3592239273284576e-15,0
covtype-d4-r10-n1000-b100,traversal,policy,1.3276380486786366,1.3120339717715979,1.3304022140800953,2048,5.828670879282072e-16,0
covtype-d4-r10-n1000-b1000,dense,traversal,13.444435084238648,13.36998282931745,13.449382036924362,2048,1.27675647831893e-15,0
covtype-d4-r10-n1000-b1000,dense,dense,3.2522089313715696,3.0512248631566763,3.296065144240856,2073088,2.653433028854124e-14,0
covtype-d4-r10-n1000-b1000,dense,policy,3.150214906781912,2.9870779253542423,3.1894228886812925,2073088,2.65898414397725e-14,0
covtype-d4-r10-n10000-b100,dense,traversal,13.358535012230277,13.334379065781832,13.382171047851443,2048,4.440892098500626e-16,0
covtype-d4-r10-n10000-b100,dense,dense,3.6195151042193174,3.4292570780962706,3.6281580105423927,13135872,2.3314683517128287e-15,0
covtype-d4-r10-n10000-b100,dense,policy,3.655269043520093,3.489958820864558,3.747719107195735,13135872,2.3314683517128287e-15,0
covtype-d4-r10-n10000-b1000,dense,traversal,132.55498302169144,132.47385993599892,132.56302406080067,2048,1.0269562977782698e-15,0
covtype-d4-r10-n10000-b1000,dense,dense,3.4023558255285025,3.3805042039602995,3.7443030159920454,13208064,2.525757381022231e-14,0
covtype-d4-r10-n10000-b1000,dense,policy,3.4321919083595276,3.397128079086542,3.7088198587298393,13208064,2.525757381022231e-14,0
covtype-d5-r10-n1000-b100,traversal,traversal,1.8946160562336445,1.8838290125131607,1.897671027109027,2048,2.7755575615628914e-16,0
covtype-d5-r10-n1000-b100,traversal,dense,6.206627935171127,6.169009953737259,6.374261109158397,1408000,1.8318679906315083e-15,0
covtype-d5-r10-n1000-b100,traversal,policy,1.9097989425063133,1.8926931079477072,1.9374608527868986,2048,2.498001805406602e-16,0
covtype-d5-r10-n1000-b1000,dense,traversal,18.41207779943943,18.405900103971362,18.416346050798893,2048,1.304512053934559e-15,0
covtype-d5-r10-n1000-b1000,dense,dense,5.736507009714842,5.669284844771028,5.786712979897857,2152960,2.09277040141842e-14,0
covtype-d5-r10-n1000-b1000,dense,policy,6.23185490258038,5.808556219562888,6.27759494818747,2152960,2.09277040141842e-14,0
covtype-d5-r10-n10000-b100,dense,traversal,18.27006391249597,18.25473108328879,18.278716132044792,2048,3.885780586188048e-16,0
covtype-d5-r10-n10000-b100,dense,dense,6.0856950003653765,5.925221834331751,6.089741131290793,13935616,1.9567680809018384e-15,0
covtype-d5-r10-n10000-b100,dense,policy,6.107948021963239,5.8720221277326345,6.127769127488136,13935616,1.9567680809018384e-15,0
covtype-d5-r10-n10000-b1000,dense,traversal,179.031248902902,178.92249394208193,179.07154886052012,2048,8.881784197001252e-16,0
covtype-d5-r10-n10000-b1000,dense,dense,5.963640054687858,5.940804956480861,6.020816974341869,14007808,2.1926904736346842e-14,0
covtype-d5-r10-n10000-b1000,dense,policy,6.148420041427016,6.086806068196893,6.516596069559455,14007808,2.1926904736346842e-14,0
covtype-d6-r10-n1000-b100,traversal,traversal,2.6577499229460955,2.651331014931202,2.6633189991116524,2048,2.7755575615628914e-16,0
covtype-d6-r10-n1000-b100,traversal,dense,10.705401888117194,10.323144029825926,11.4423967897892,1172480,2.1371793224034263e-15,0
covtype-d6-r10-n1000-b100,traversal,policy,2.6773700956255198,2.6522818952798843,2.7182120829820633,2048,2.498001805406602e-16,0
covtype-d6-r10-n1000-b1000,dense,traversal,24.539616890251637,24.53046292066574,24.576782016083598,2048,8.604228440844963e-16,0
covtype-d6-r10-n1000-b1000,dense,dense,10.511408792808652,10.20423392765224,12.69670412875712,2040832,1.8013368574543165e-14,0
covtype-d6-r10-n1000-b1000,dense,policy,10.58726292103529,10.23226696997881,11.98739092797041,2040832,1.8013368574543165e-14,0
covtype-d6-r10-n10000-b100,dense,traversal,24.331802036613226,24.32036492973566,24.35306482948363,2048,3.608224830031759e-16,0
covtype-d6-r10-n10000-b100,dense,dense,10.684461100026965,10.616257088258862,12.732698116451502,9615872,2.1649348980190553e-15,0
covtype-d6-r10-n10000-b100,dense,policy,11.186068877577782,10.895669925957918,12.047922937199473,9615872,2.1649348980190553e-15,0
covtype-d6-r10-n10000-b1000,dense,traversal,235.94760615378618,235.6821740977466,235.95151212066412,2048,9.43689570931383e-16,0
covtype-d6-r10-n10000-b1000,dense,dense,11.130615836009383,10.778893949463964,11.980170151218772,9688064,1.9234613901630837e-14,0
covtype-d6-r10-n10000-b1000,dense,policy,10.75165206566453,10.71058097295463,10.783078847452998,9688064,1.9234613901630837e-14,0
covtype-d6-r100-n1000-b100,traversal,traversal,23.817253997549415,23.809442995116115,23.847118951380253,2048,2.4424906541753444e-15,0
covtype-d6-r100-n1000-b100,traversal,dense,93.16101809963584,91.73417999409139,95.72927304543555,6204416,3.5083047578154947e-14,0
covtype-d6-r100-n1000-b100,traversal,policy,23.78085907548666,23.766979109495878,23.789511993527412,2048,2.220446049250313e-15,0
covtype-d6-r100-n1000-b1000,dense,traversal,252.15824483893812,251.75994192250073,252.3045961279422,2048,1.27675647831893e-14,0
covtype-d6-r100-n1000-b1000,dense,dense,91.0317578818649,90.58782598003745,91.35397500358522,7689728,2.950972799453666e-13,0
covtype-d6-r100-n1000-b1000,dense,policy,90.3683640062809,89.9593848735094,90.67308506928384,7689728,2.949862576429041e-13,0
covtype-d6-r100-n10000-b100,dense,traversal,247.2914441023022,247.14616406708956,247.3116039764136,2048,3.1086244689504383e-15,0
covtype-d6-r100-n10000-b100,dense,dense,92.19660889357328,90.71309608407319,96.43397899344563,61502976,4.030109579389318e-14,0
covtype-d6-r100-n10000-b100,dense,policy,96.41735395416617,90.16703884117305,98.34372787736356,61502976,4.030109579389318e-14,0
covtype-d6-r100-n10000-b1000,dense,traversal,3067.158258985728,3063.81017412059,3074.942864011973,2048,1.9817480989559044e-14,0
covtype-d6-r100-n10000-b1000,dense,dense,90.77431820333004,90.11019393801689,91.31451603025198,61963776,3.3384406350478457e-13,0
covtype-d6-r100-n10000-b1000,dense,policy,91.77545295096934,91.39729011803865,92.12980885058641,61963776,3.3373304120232206e-13,0
fashion_mnist-d4-r10-n1000-b100,traversal,traversal,4.573847865685821,4.564883885905147,4.578093998134136,2048,3.3306690738754696e-16,0
fashion_mnist-d4-r10-n1000-b100,traversal,dense,4.341677064076066,4.329889081418514,4.426526138558984,619520,1.8596235662471372e-15,0
fashion_mnist-d4-r10-n1000-b100,traversal,policy,4.5873180497437716,4.567327909171581,4.607960116118193,2048,4.163336342344337e-16,0
fashion_mnist-d4-r10-n1000-b1000,dense,traversal,36.257389932870865,36.25108115375042,36.26824705861509,2048,4.996003610813204e-16,0
fashion_mnist-d4-r10-n1000-b1000,dense,dense,4.353604046627879,4.298430867493153,4.467938095331192,1080320,1.6681100944992977e-14,0
fashion_mnist-d4-r10-n1000-b1000,dense,policy,4.306734073907137,4.239673027768731,4.3284769635647535,1080320,1.6681100944992977e-14,0
fashion_mnist-d4-r10-n10000-b100,dense,traversal,38.258576998487115,38.24740997515619,38.28670899383724,2048,3.885780586188048e-16,0
fashion_mnist-d4-r10-n10000-b100,dense,dense,6.500222021713853,6.498008035123348,6.52463803999126,5227520,1.582067810090848e-15,0
fashion_mnist-d4-r10-n10000-b100,dense,policy,6.478609051555395,6.4304969273507595,6.510486826300621,5227520,1.582067810090848e-15,0
fashion_mnist-d4-r10-n10000-b1000,dense,traversal,326.2823198456317,326.2506320606917,326.8016460351646,2048,1.0547118733938987e-15,0
fashion_mnist-d4-r10-n10000-b1000,dense,dense,6.734856870025396,6.731461035087705,6.74661505036056,5688320,1.890154699424329e-14,0
fashion_mnist-d4-r10-n10000-b1000,dense,policy,6.712662987411022,6.67351414449513,6.7433801013976336,5688320,1.887379141862766e-14,0
fashion_mnist-d5-r10-n1000-b100,traversal,traversal,7.771325064823031,7.768190000206232,7.798545993864536,2048,3.3306690738754696e-16,0
fashion_mnist-d5-r10-n1000-b100,traversal,dense,8.186242077499628,7.9892040230333805,8.44441307708621,711680,1.0824674490095276e-15,0
fashion_mnist-d5-r10-n1000-b100,traversal,policy,7.765856105834246,7.739786058664322,7.793578086420894,2048,3.3306690738754696e-16,0
fashion_mnist-d5-r10-n1000-b1000,dense,traversal,57.03777098096907,56.90417904406786,57.06092598848045,2048,6.800116025829084e-16,0
fashion_mnist-d5-r10-n1000-b1000,dense,dense,8.153170812875032,8.151758927851915,8.166922023519874,1193984,2.736699755701011e-14,0
fashion_mnist-d5-r10-n1000-b1000,dense,policy,8.33191187120974,8.098950143903494,8.5874879732728,1193984,2.736699755701011e-14,0
fashion_mnist-d5-r10-n10000-b100,dense,traversal,59.25329215824604,59.21821994706988,59.32069383561611,2048,3.3306690738754696e-16,0
fashion_mnist-d5-r10-n10000-b100,dense,dense,10.984763968735933,10.953427059575915,10.994800133630633,5369856,2.942091015256665e-15,0
fashion_mnist-d5-r10-n10000-b100,dense,policy,11.016363045200706,10.966416914016008,11.059268144890666,5369856,2.942091015256665e-15,0
fashion_mnist-d5-r10-n10000-b1000,dense,traversal,602.0376880187541,601.8578070215881,602.7677329257131,2048,1.6653345369377348e-15,0
fashion_mnist-d5-r10-n10000-b1000,dense,dense,11.611473048105836,11.557289864867926,11.684854049235582,5903360,3.164135620181696e-14,0
fashion_mnist-d5-r10-n10000-b1000,dense,policy,11.591352056711912,11.586846085265279,11.69569999910891,5903360,3.164135620181696e-14,0
fashion_mnist-d6-r10-n1000-b100,traversal,traversal,12.139571830630302,12.129104929044843,12.140523176640272,2048,3.3306690738754696e-16,0
fashion_mnist-d6-r10-n1000-b100,traversal,dense,15.139888972043991,14.974849997088313,15.840029111132026,917504,2.55351295663786e-15,0
fashion_mnist-d6-r10-n1000-b100,traversal,policy,12.169386027380824,12.145840097218752,12.174853822216392,2048,1.942890293094024e-16,0
fashion_mnist-d6-r10-n1000-b1000,dense,traversal,86.13624307326972,86.13415993750095,86.22320485301316,2048,5.551115123125783e-16,0
fashion_mnist-d6-r10-n1000-b1000,dense,dense,16.037567052990198,15.007599955424666,16.592997824773192,1406976,2.653433028854124e-14,0
fashion_mnist-d6-r10-n1000-b1000,dense,policy,15.018835896626115,14.85429797321558,15.165277058258653,1406976,2.6645352591003757e-14,0
fashion_mnist-d6-r10-n10000-b100,dense,traversal,89.61750916205347,89.4656099844724,89.66850605793297,2048,2.220446049250313e-16,0
fashion_mnist-d6-r10-n10000-b100,dense,dense,18.486279994249344,18.29087594524026,19.626305904239416,5450752,1.942890293094024e-15,0
fashion_mnist-d6-r10-n10000-b100,dense,policy,18.426851136609912,18.1841638404876,23.817284032702446,5450752,1.942890293094024e-15,0
fashion_mnist-d6-r10-n10000-b1000,dense,traversal,916.2319488823414,916.1409619264305,916.8490918818861,2048,8.881784197001252e-16,0
fashion_mnist-d6-r10-n10000-b1000,dense,dense,20.263188052922487,20.203908905386925,20.31793096102774,5991424,2.4341639814906557e-14,0
fashion_mnist-d6-r10-n10000-b1000,dense,policy,20.235907984897494,20.21472598426044,20.365143893286586,5991424,2.4369395390522186e-14,0
fashion_mnist-d6-r100-n1000-b100,traversal,traversal,88.29117310233414,88.29117193818092,88.3579938672483,2048,1.3322676295501878e-15,0
fashion_mnist-d6-r100-n1000-b100,traversal,dense,138.8775270897895,137.05222588032484,138.8826440088451,899584,1.2212453270876722e-14,0
fashion_mnist-d6-r100-n1000-b100,traversal,policy,88.3591859601438,88.32783903926611,88.48771010525525,2048,1.1657341758564144e-15,0
fashion_mnist-d6-r100-n1000-b1000,dense,traversal,946.6879949904978,946.1179419886321,947.6604359224439,2048,1.532107773982716e-14,0
fashion_mnist-d6-r100-n1000-b1000,dense,dense,137.98541692085564,137.67795194871724,138.1963361054659,1360384,1.4843681839238343e-13,0
fashion_mnist-d6-r100-n1000-b1000,dense,policy,139.52105003409088,137.27429090067744,139.85806005075574,1360384,1.482147737874584e-13,0
fashion_mnist-d6-r100-n10000-b100,dense,traversal,985.0166901014745,984.8960968665779,985.4956029448658,2048,4.440892098500626e-15,0
fashion_mnist-d6-r100-n10000-b100,dense,dense,160.50137300044298,159.68876401893795,160.5147540103644,5507584,1.7430501486614958e-14,0
fashion_mnist-d6-r100-n10000-b100,dense,policy,160.69265408441424,160.38528713397682,161.54477116651833,5507584,1.7319479184152442e-14,0
fashion_mnist-d6-r100-n10000-b1000,dense,traversal,9900.407718028873,9878.410388017073,9918.64096489735,2048,2.4591439995447217e-14,0
fashion_mnist-d6-r100-n10000-b1000,dense,dense,182.30605497956276,181.51604989543557,183.29710396938026,5968384,1.8762769116165146e-13,0
fashion_mnist-d6-r100-n10000-b1000,dense,policy,181.76084011793137,181.36217701248825,183.8036689441651,5968384,1.8762769116165146e-13,0
