phase,case,variant,selected,median_wall_ms,min_wall_ms,max_wall_ms,peak_reserved_bytes,max_absolute_error,fallbacks_including_warmup
exploration,adult-small-full-n100-b10,traversal,,0.05332101136445999,0.05173799581825733,0.05450216121971607,2048,1.6653345369377348e-16,0
exploration,adult-small-full-n100-b10,dense64,,0.3658940549939871,0.3645110409706831,0.4067148547619581,79872,2.7755575615628914e-16,0
exploration,adult-small-full-n100-b10,dense256,,0.36980886943638325,0.36234804429113865,0.38286903873085976,79872,2.7755575615628914e-16,0
exploration,adult-small-full-n100-b100,traversal,,0.05854899063706398,0.0556649174541235,0.06000092253088951,2048,3.608224830031759e-16,0
exploration,adult-small-full-n100-b100,dense64,,0.38630515336990356,0.3700000233948231,0.39079110138118267,125952,1.3877787807814457e-15,0
exploration,adult-small-full-n100-b100,dense256,,0.3689480945467949,0.3563889767974615,0.382398022338748,125952,1.3877787807814457e-15,0
exploration,adult-small-full-n100-b1000,traversal,,0.21288194693624973,0.21229195408523083,0.21616695448756218,2048,9.159339953157541e-16,0
exploration,adult-small-full-n100-b1000,dense64,,0.37389504723250866,0.35888305865228176,0.39259414188563824,586752,2.3148150063434514e-14,0
exploration,adult-small-full-n100-b1000,dense256,,0.3777919337153435,0.3548259846866131,0.39126211777329445,586752,2.3120394487818885e-14,0
exploration,adult-small-full-n10000-b10,traversal,,0.27807988226413727,0.276878010481596,0.27964310720562935,2048,1.1102230246251565e-16,0
exploration,adult-small-full-n10000-b10,dense64,,0.35078078508377075,0.3495479468256235,0.35584811121225357,5148672,3.0531133177191805e-16,0
exploration,adult-small-full-n10000-b10,dense256,,0.35797106102108955,0.35160197876393795,0.37131202407181263,5148672,3.3306690738754696e-16,0
exploration,adult-small-full-n10000-b100,traversal,,1.5258688945323229,1.5245070680975914,1.5260090585798025,2048,7.771561172376096e-16,0
exploration,adult-small-full-n10000-b100,dense64,,0.40199910290539265,0.39316387847065926,0.42899907566607,5194752,3.469446951953614e-15,0
exploration,adult-small-full-n10000-b100,dense256,,0.3921031020581722,0.34899800084531307,0.4005259834229946,5194752,3.469446951953614e-15,0
exploration,adult-small-full-n10000-b1000,traversal,,19.660170888528228,19.610706018283963,19.664066145196557,2048,1.9984014443252818e-15,0
exploration,adult-small-full-n10000-b1000,dense64,,0.3585128579288721,0.3440009895712137,0.4691400099545717,5655552,3.3806291099836017e-14,0
exploration,adult-small-full-n10000-b1000,dense256,,0.3654230386018753,0.3458629362285137,0.47748186625540257,5655552,3.3806291099836017e-14,0
exploration,adult-small-full-n1000-b100,traversal,,0.19669695757329464,0.18917606212198734,0.20188605412840843,2048,4.996003610813204e-16,0
exploration,adult-small-full-n1000-b100,dense64,,0.3807060420513153,0.37464615888893604,0.3870958462357521,586752,3.1086244689504383e-15,0
exploration,adult-small-full-n1000-b100,dense256,,0.3731139004230499,0.36945915780961514,0.38590398617088795,586752,3.1086244689504383e-15,0
exploration,adult-med-full-n100-b10,traversal,,0.3283859696239233,0.3239498473703861,0.3322931006550789,2048,1.3322676295501878e-15,0
exploration,adult-med-full-n100-b10,dense64,,28.986779041588306,28.479520929977298,29.11023492924869,1921536,6.439293542825908e-15,0
exploration,adult-med-full-n100-b10,dense256,,29.94958497583866,29.473314993083477,30.290960799902678,1921536,6.439293542825908e-15,0
exploration,adult-med-full-n100-b100,traversal,,1.7418640200048685,1.7259810119867325,1.764749875292182,2048,6.8833827526759706e-15,0
exploration,adult-med-full-n100-b100,dense64,,29.622199945151806,29.356468003243208,29.939890140667558,1971200,2.2426505097428162e-14,0
exploration,adult-med-full-n100-b100,dense256,,29.58208997733891,29.05831695534289,30.19552701152861,1971200,2.2426505097428162e-14,0
exploration,adult-med-full-n100-b1000,traversal,,15.343581093475223,15.331631992012262,15.363150974735618,2048,3.1086244689504383e-15,0
exploration,adult-med-full-n100-b1000,dense64,,30.184470117092133,29.192751040682197,32.79489907436073,2411520,2.5512925105886097e-13,0
exploration,adult-med-full-n100-b1000,dense256,,30.02910502254963,28.731481870636344,30.330081935971975,2411520,2.5490720645393594e-13,0
exploration,adult-med-full-n10000-b10,traversal,,17.571481177583337,17.545842099934816,17.617359990254045,2048,8.881784197001252e-16,0
exploration,adult-med-full-n10000-b10,dense64,,29.446614906191826,29.073920100927353,30.51537089049816,8577024,1.3322676295501878e-14,0
exploration,adult-med-full-n10000-b10,dense256,,30.127384001389146,29.86224298365414,30.664826976135373,8577024,1.2878587085651816e-14,0
exploration,adult-med-full-n10000-b100,traversal,,116.93049292080104,116.92003696225584,117.10595898330212,2048,3.9968028886505635e-15,0
exploration,adult-med-full-n10000-b100,dense64,,30.823949025943875,29.56097712740302,34.65539403259754,8608256,4.618527782440651e-14,0
exploration,adult-med-full-n10000-b100,dense256,,30.222167959436774,29.88613909110427,37.98179607838392,8608256,4.618527782440651e-14,0
exploration,adult-med-full-n10000-b1000,traversal,,1358.470412902534,1357.3547950945795,1358.4705728571862,2048,2.531308496145357e-14,0
exploration,adult-med-full-n10000-b1000,dense64,,29.794289963319898,29.415307100862265,30.30829899944365,8917504,3.481659405224491e-13,0
exploration,adult-med-full-n10000-b1000,dense256,,30.38463299162686,29.701509978622198,31.01135208271444,8917504,3.483879851273741e-13,0
exploration,adult-med-full-n1000-b100,traversal,,15.191730111837387,15.186222037300467,15.195857034996152,2048,3.552713678800501e-15,0
exploration,adult-med-full-n1000-b100,dense64,,28.705093078315258,28.414422878995538,29.517881805077195,2411520,2.9753977059954195e-14,0
exploration,adult-med-full-n1000-b100,dense256,,29.529260005801916,29.238250106573105,32.42320800200105,2411520,3.019806626980426e-14,0
exploration,adult-large-prefix2-n10000-b1000,traversal,,74.32829705066979,74.29846189916134,74.3858041241765,2560,9.71445146547012e-17,0
exploration,adult-large-prefix2-n10000-b1000,dense64,,9.190492099151015,9.122289018705487,9.323303122073412,17836544,8.326672684688674e-16,0
exploration,adult-large-prefix2-n10000-b1000,dense256,,7.558804005384445,7.386343088001013,7.641289848834276,27501056,8.326672684688674e-16,0
exploration,cal_housing-small-full-n100-b10,traversal,,0.04079192876815796,0.03748689778149128,0.04376610741019249,2048,1.1102230246251565e-16,0
exploration,cal_housing-small-full-n100-b10,dense64,,0.3786131273955107,0.3654130268841982,0.40775700472295284,73216,2.220446049250313e-16,0
exploration,cal_housing-small-full-n100-b10,dense256,,0.35421596840023994,0.34907809458673,0.3767202142626047,73216,2.220446049250313e-16,0
exploration,cal_housing-small-full-n100-b100,traversal,,0.047862064093351364,0.04589906893670559,0.05554407835006714,2048,6.661338147750939e-16,0
exploration,cal_housing-small-full-n100-b100,dense64,,0.35279407165944576,0.3514320123940706,0.3795039374381304,135680,1.304512053934559e-15,0
exploration,cal_housing-small-full-n100-b100,dense256,,0.34876796416938305,0.34523196518421173,0.3543761558830738,135680,1.3600232051658168e-15,0
exploration,cal_housing-small-full-n100-b1000,traversal,,0.22500008344650269,0.22200611419975758,0.23399409838020802,2048,2.7755575615628914e-15,0
exploration,cal_housing-small-full-n100-b1000,dense64,,0.3621780779212713,0.35748002119362354,0.37646922282874584,663552,1.0685896612017132e-14,0
exploration,cal_housing-small-full-n100-b1000,dense256,,0.3697900101542473,0.3439399879425764,0.37125195376574993,663552,1.071365218763276e-14,0
exploration,cal_housing-small-full-n10000-b10,traversal,,0.16454909928143024,0.16394793055951595,0.16749300993978977,2048,1.1102230246251565e-16,0
exploration,cal_housing-small-full-n10000-b10,dense64,,0.3445108886808157,0.3428689669817686,0.39087096229195595,6408704,2.220446049250313e-16,0
exploration,cal_housing-small-full-n10000-b10,dense256,,0.34441985189914703,0.3368291072547436,0.40334020741283894,6408704,2.220446049250313e-16,0
exploration,cal_housing-small-full-n10000-b100,traversal,,1.2819089461117983,1.2794749345630407,1.2963111512362957,2048,6.661338147750939e-16,0
exploration,cal_housing-small-full-n10000-b100,dense64,,0.3815379459410906,0.33824099227786064,0.4071060102432966,6423040,2.7478019859472624e-15,0
exploration,cal_housing-small-full-n10000-b100,dense256,,0.3771109040826559,0.3527428489178419,0.460917130112648,6423040,2.7200464103316335e-15,0
exploration,cal_housing-small-full-n10000-b1000,traversal,,14.574267202988267,14.559094095602632,14.582979958504438,2048,1.2212453270876722e-15,0
exploration,cal_housing-small-full-n10000-b1000,dense64,,0.396189047023654,0.38490304723381996,0.576091930270195,6566912,1.554312234475219e-14,0
exploration,cal_housing-small-full-n10000-b1000,dense256,,0.4096999764442444,0.3891289234161377,0.4712131340056658,6566912,1.5654144647214707e-14,0
exploration,cal_housing-small-full-n1000-b100,traversal,,0.16226503066718578,0.16119400970637798,0.1678639091551304,2048,3.3306690738754696e-16,0
exploration,cal_housing-small-full-n1000-b100,dense64,,0.35797106102108955,0.35762088373303413,0.38018496707081795,663552,2.248201624865942e-15,0
exploration,cal_housing-small-full-n1000-b100,dense256,,0.36246818490326405,0.3499900922179222,0.3636297769844532,663552,2.248201624865942e-15,0
exploration,cal_housing-med-full-n100-b10,traversal,,0.2180999144911766,0.21622702479362488,0.22200588136911392,2048,1.5543122344752192e-15,0
exploration,cal_housing-med-full-n100-b10,dense64,,50.964385038241744,50.81663187593222,51.16306501440704,885248,4.551914400963142e-15,0
exploration,cal_housing-med-full-n100-b10,dense256,,51.03891692124307,50.66814715974033,51.0643960442394,885248,4.440892098500626e-15,0
exploration,cal_housing-med-full-n100-b100,traversal,,1.3512738514691591,1.350172096863389,1.3526061084121466,2048,2.6645352591003757e-15,0
exploration,cal_housing-med-full-n100-b100,dense64,,51.16938496939838,51.0183060541749,51.24987615272403,942592,9.43689570931383e-15,0
exploration,cal_housing-med-full-n100-b100,dense256,,51.1647779494524,51.14135192707181,51.86025006696582,942592,9.547918011776346e-15,0
exploration,cal_housing-med-full-n100-b1000,traversal,,11.734189931303263,11.71375997364521,11.750394944101572,2048,2.6645352591003757e-15,0
exploration,cal_housing-med-full-n100-b1000,dense64,,51.250987919047475,51.012377021834254,51.50847788900137,1462272,1.408317906737011e-13,0
exploration,cal_housing-med-full-n100-b1000,dense256,,51.349607994779944,50.98511604592204,51.72045808285475,1462272,1.4066525722000733e-13,0
exploration,cal_housing-med-full-n10000-b10,traversal,,11.875865049660206,11.872460134327412,11.879079043865204,2048,6.661338147750939e-16,0
exploration,cal_housing-med-full-n10000-b10,dense64,,51.73242697492242,51.34658282622695,52.10562120191753,9460736,6.661338147750939e-15,0
exploration,cal_housing-med-full-n10000-b10,dense256,,51.12546915188432,51.11831799149513,52.39145318046212,9460736,6.661338147750939e-15,0
exploration,cal_housing-med-full-n10000-b100,traversal,,103.77881792373955,103.76317519694567,103.78002002835274,2048,1.3322676295501878e-15,0
exploration,cal_housing-med-full-n10000-b100,dense64,,51.508727949112654,51.150216022506356,51.64947104640305,9499648,2.609024107869118e-14,0
exploration,cal_housing-med-full-n10000-b100,dense256,,51.46743590012193,51.259220112115145,52.042895928025246,9499648,2.5979218776228663e-14,0
exploration,cal_housing-med-full-n10000-b1000,traversal,,1070.9169439505786,1070.1806489378214,1072.6802200078964,2048,1.3766765505351941e-14,0
exploration,cal_housing-med-full-n10000-b1000,dense64,,52.20403987914324,52.06637200899422,52.44631692767143,9888256,2.1649348980190553e-13,0
exploration,cal_housing-med-full-n10000-b1000,dense256,,52.2023169323802,51.98477813974023,52.49212612397969,9888256,2.1649348980190553e-13,0
exploration,cal_housing-med-full-n1000-b100,traversal,,12.094004079699516,12.086773989722133,12.105082161724567,2048,1.7763568394002505e-15,0
exploration,cal_housing-med-full-n1000-b100,dense64,,58.9133589528501,49.69651694409549,59.926400892436504,1462272,2.0872192862952943e-14,0
exploration,cal_housing-med-full-n1000-b100,dense256,,56.00911611691117,51.26209487207234,60.58261403813958,1462272,2.1094237467877974e-14,0
exploration,cal_housing-large-prefix2-n10000-b1000,traversal,,56.52803089469671,56.47969804704189,56.56058993190527,2560,1.1102230246251565e-16,0
exploration,cal_housing-large-prefix2-n10000-b1000,dense64,,11.79485279135406,11.569091118872166,21.26627997495234,5427712,1.0824674490095276e-15,0
exploration,cal_housing-large-prefix2-n10000-b1000,dense256,,8.720702026039362,8.492165943607688,8.790688123553991,7344640,1.0824674490095276e-15,0
exploration,covtype-small-full-n100-b10,traversal,,0.05521392449736595,0.05363207310438156,0.06111199036240578,2048,2.220446049250313e-16,0
exploration,covtype-small-full-n100-b10,dense64,,1.788554945960641,1.7778000328689814,1.8061320297420025,175104,2.7755575615628914e-16,0
exploration,covtype-small-full-n100-b10,dense256,,1.8077848944813013,1.7982900608330965,1.8132231198251247,175104,2.7755575615628914e-16,0
exploration,covtype-small-full-n100-b100,traversal,,0.1300969161093235,0.12520886957645416,0.13194908387959003,2048,4.996003610813204e-16,0
exploration,covtype-small-full-n100-b100,dense64,,1.6066208481788635,1.6045980155467987,1.7976691015064716,293888,2.4424906541753444e-15,0
exploration,covtype-small-full-n100-b100,dense256,,1.6270410269498825,1.5928989741951227,1.7537330277264118,293888,2.3314683517128287e-15,0
exploration,covtype-small-full-n100-b1000,traversal,,0.8696760050952435,0.8638459257781506,0.874543096870184,2048,1.4710455076283324e-15,0
exploration,covtype-small-full-n100-b1000,dense64,,1.6325600445270538,1.631858991459012,1.6385780181735754,1393152,1.8485213360008856e-14,0
exploration,covtype-small-full-n100-b1000,dense256,,1.6333810053765774,1.6243970021605492,1.6398699954152107,1393152,1.8457457784393227e-14,0
exploration,covtype-small-full-n10000-b10,traversal,,0.8928910829126835,0.8850991725921631,0.8934710640460253,2048,1.6653345369377348e-16,0
exploration,covtype-small-full-n10000-b10,dense64,,2.4071510415524244,2.396445022895932,2.469155937433243,16648704,4.996003610813204e-16,0
exploration,covtype-small-full-n10000-b10,dense256,,2.235712017863989,2.1726959384977818,2.3245359770953655,16648704,4.996003610813204e-16,0
exploration,covtype-small-full-n10000-b100,traversal,,9.266707813367248,9.264984866604209,9.267017943784595,2048,4.718447854656915e-16,0
exploration,covtype-small-full-n10000-b100,dense64,,2.2428128868341446,2.2235841024667025,2.396075055003166,16655872,2.220446049250313e-15,0
exploration,covtype-small-full-n10000-b100,dense256,,2.394723007455468,2.2500241175293922,2.5716901291161776,16655872,2.220446049250313e-15,0
exploration,covtype-small-full-n10000-b1000,traversal,,94.45637604221702,94.41089699976146,94.47860904037952,2048,1.3877787807814457e-15,0
exploration,covtype-small-full-n10000-b1000,dense64,,2.4702169466763735,2.4536510463804007,2.5676540099084377,16728064,3.266831249959523e-14,0
exploration,covtype-small-full-n10000-b1000,dense256,,2.416444942355156,2.3951539769768715,2.429263899102807,16728064,3.269606807521086e-14,0
exploration,covtype-small-full-n1000-b100,traversal,,0.939331017434597,0.9091149549931288,0.9476339910179377,2048,3.885780586188048e-16,0
exploration,covtype-small-full-n1000-b100,dense64,,1.901417039334774,1.8860329873859882,2.128900960087776,1679872,2.609024107869118e-15,0
exploration,covtype-small-full-n1000-b100,dense256,,1.9905420485883951,1.949127996340394,2.119916956871748,1679872,2.6645352591003757e-15,0
exploration,covtype-med-full-n100-b10,traversal,,0.6322769913822412,0.6186759565025568,0.6347699090838432,2048,1.9984014443252818e-15,0
exploration,covtype-med-full-n100-b10,dense64,,287.02843212522566,284.00192386470735,290.5240501277149,1781248,4.6629367034256575e-15,0
exploration,covtype-med-full-n100-b10,dense256,,290.565081872046,287.11295896209776,290.91224703006446,1781248,4.440892098500626e-15,0
exploration,covtype-med-full-n100-b100,traversal,,4.69059613533318,4.6868398785591125,4.698737990111113,2048,1.9984014443252818e-15,0
exploration,covtype-med-full-n100-b100,dense64,,292.32780798338354,284.7577470820397,294.0082100685686,1930240,1.9761969838327786e-14,0
exploration,covtype-med-full-n100-b100,dense256,,297.0837829634547,296.91240284591913,298.0098929256201,1930240,1.9761969838327786e-14,0
exploration,covtype-med-full-n100-b1000,traversal,,38.046072935685515,37.99245203845203,38.049879018217325,2048,3.552713678800501e-15,0
exploration,covtype-med-full-n100-b1000,dense64,,295.8376680035144,281.84324805624783,295.9190309047699,3875840,3.291811268013589e-13,0
exploration,covtype-med-full-n100-b1000,dense256,,297.91785404086113,286.6861540824175,299.01414294727147,3875840,3.291811268013589e-13,0
exploration,covtype-med-full-n10000-b10,traversal,,40.83237797021866,40.82760098390281,40.84654897451401,2048,8.881784197001252e-16,0
exploration,covtype-med-full-n10000-b10,dense64,,88.36995903402567,86.50336507707834,90.13464790768921,25618432,6.661338147750939e-16,4
exploration,covtype-med-full-n10000-b10,dense256,,299.4290399365127,293.58551115728915,300.44337501749396,71698432,8.215650382226158e-15,0
exploration,covtype-med-full-n10000-b100,traversal,,414.32303097099066,414.02923688292503,414.4546710886061,2048,4.551914400963142e-15,0
exploration,covtype-med-full-n10000-b100,dense64,,462.34060800634325,461.49954618886113,465.90226609259844,25664512,4.9960036108132044e-15,4
exploration,covtype-med-full-n10000-b100,dense256,,298.5850831028074,295.4892700072378,314.7926211822778,71744512,2.6867397195928788e-14,0
exploration,covtype-med-full-n10000-b1000,traversal,,4334.485234925523,4323.226402979344,4341.633223928511,2048,1.2434497875801753e-14,0
exploration,covtype-med-full-n10000-b1000,dense64,,4378.157481085509,4367.785495007411,4390.843801898882,26125312,1.454392162258955e-14,4
exploration,covtype-med-full-n10000-b1000,dense256,,294.30413502268493,286.5921100601554,301.51154892519116,72205312,3.4727776210274897e-13,0
exploration,covtype-med-full-n1000-b100,traversal,,38.323482032865286,38.29405806027353,38.43454015441239,2048,2.3314683517128287e-15,0
exploration,covtype-med-full-n1000-b100,dense64,,280.65520781092346,277.34301798045635,282.87179209291935,7229952,1.9984014443252818e-14,0
exploration,covtype-med-full-n1000-b100,dense256,,278.2794141676277,276.8986360169947,280.5752269923687,7229952,1.9872992140790302e-14,0
exploration,covtype-large-prefix2-n10000-b1000,traversal,,245.9867550060153,245.88481104001403,246.25492095947266,2560,1.734723475976807e-16,0
exploration,covtype-large-prefix2-n10000-b1000,dense64,,146.1443630978465,146.09290612861514,146.29661291837692,55753728,1.1830814106161824e-15,0
exploration,covtype-large-prefix2-n10000-b1000,dense256,,124.09544899128377,118.45093197189271,129.6264559496194,202912768,1.1726730697603216e-15,0
exploration,fashion_mnist-small-full-n100-b10,traversal,,0.14924490824341774,0.14591100625693798,0.16235606744885445,2048,1.6653345369377348e-16,0
exploration,fashion_mnist-small-full-n100-b10,dense64,,2.3828749544918537,2.3785780649632215,2.41635600104928,84992,4.440892098500626e-16,0
exploration,fashion_mnist-small-full-n100-b10,dense256,,2.3902859538793564,2.3818430490791798,2.431208034977317,84992,4.440892098500626e-16,0
exploration,fashion_mnist-small-full-n100-b100,traversal,,0.3419280983507633,0.33867196179926395,0.3463339526206255,2048,6.661338147750939e-16,0
exploration,fashion_mnist-small-full-n100-b100,dense64,,2.3463391698896885,2.330124145373702,2.3582279682159424,156160,9.992007221626409e-16,0
exploration,fashion_mnist-small-full-n100-b100,dense256,,2.3829450365155935,2.3602000437676907,2.4008620530366898,156160,9.992007221626409e-16,0
exploration,fashion_mnist-small-full-n100-b1000,traversal,,2.2774951066821814,2.273858990520239,2.291556913405657,2048,8.881784197001252e-16,0
exploration,fashion_mnist-small-full-n100-b1000,dense64,,2.3960841353982687,2.3944019339978695,2.437136834487319,767488,2.4452662117369073e-14,0
exploration,fashion_mnist-small-full-n100-b1000,dense256,,2.394402865320444,2.1993271075189114,2.3958340752869844,767488,2.4452662117369073e-14,0
exploration,fashion_mnist-small-full-n10000-b10,traversal,,4.222027026116848,4.221054958179593,4.272141959518194,2048,1.1102230246251565e-16,0
exploration,fashion_mnist-small-full-n10000-b10,dense64,,4.065680084750056,4.009876167401671,4.245011834427714,7371264,3.885780586188048e-16,0
exploration,fashion_mnist-small-full-n10000-b10,dense256,,4.253775114193559,4.133293172344565,4.469420062378049,7371264,3.885780586188048e-16,0
exploration,fashion_mnist-small-full-n10000-b100,traversal,,21.860057953745127,21.853087935596704,21.90260193310678,2048,5.551115123125783e-16,0
exploration,fashion_mnist-small-full-n10000-b100,dense64,,4.101163940504193,4.083516076207161,4.228004952892661,7391232,3.0531133177191805e-15,0
exploration,fashion_mnist-small-full-n10000-b100,dense256,,4.217298934236169,4.078389145433903,4.2621169704943895,7391232,3.0531133177191805e-15,0
exploration,fashion_mnist-small-full-n10000-b1000,traversal,,180.21858716383576,180.19578186795115,180.31580303795636,2048,1.1934897514720433e-15,0
exploration,fashion_mnist-small-full-n10000-b1000,dense64,,4.247965989634395,4.220615141093731,4.2580608278512955,7592960,2.914335439641036e-14,0
exploration,fashion_mnist-small-full-n10000-b1000,dense256,,4.238261841237545,4.177690017968416,4.6650071162730455,7592960,2.917110997202599e-14,0
exploration,fashion_mnist-small-full-n1000-b100,traversal,,2.3872212041169405,2.3777568712830544,2.4083941243588924,2048,4.163336342344337e-16,0
exploration,fashion_mnist-small-full-n1000-b100,dense64,,2.489606151357293,2.371226903051138,2.6065330021083355,767488,1.887379141862766e-15,0
exploration,fashion_mnist-small-full-n1000-b100,dense256,,2.601384883746505,2.417075913399458,3.034659894183278,767488,1.887379141862766e-15,0
exploration,fashion_mnist-med-full-n100-b10,traversal,,3.02065908908844,2.967960201203823,3.0256761237978935,2048,5.551115123125783e-16,0
exploration,fashion_mnist-med-full-n100-b10,dense64,,391.540742944926,389.9233171250671,413.45478198491037,1901568,3.552713678800501e-15,0
exploration,fashion_mnist-med-full-n100-b10,dense256,,390.620089834556,390.51242801360786,392.07914704456925,1901568,3.552713678800501e-15,0
exploration,fashion_mnist-med-full-n100-b100,traversal,,24.562024977058172,24.553461000323296,24.62717378512025,2048,6.106226635438361e-16,0
exploration,fashion_mnist-med-full-n100-b100,dense64,,429.74929977208376,428.319226950407,434.5782049931586,1947648,9.992007221626409e-15,0
exploration,fashion_mnist-med-full-n100-b100,dense256,,430.89024699293077,391.8862750288099,433.64200997166336,1947648,1.0047518372857667e-14,0
exploration,fashion_mnist-med-full-n100-b1000,traversal,,177.02788999304175,176.9493210595101,177.07350896671414,2048,7.827072323607354e-15,0
exploration,fashion_mnist-med-full-n100-b1000,dense64,,409.18559301644564,391.15345710888505,419.84580899588764,2408448,9.414691248821327e-14,0
exploration,fashion_mnist-med-full-n100-b1000,dense256,,402.0358379930258,386.5848849527538,415.5787650961429,2408448,9.420242363944453e-14,0
exploration,fashion_mnist-med-full-n10000-b10,traversal,,181.9679019972682,181.78604706190526,182.18078394420445,2048,4.440892098500626e-16,0
exploration,fashion_mnist-med-full-n10000-b10,dense64,,406.0348370112479,405.31793190166354,425.3984179813415,6970368,5.995204332975845e-15,0
exploration,fashion_mnist-med-full-n10000-b10,dense256,,424.95336499996483,406.11983579583466,425.12143892236054,6970368,6.106226635438361e-15,0
exploration,fashion_mnist-med-full-n10000-b100,traversal,,1884.8739659879357,1884.1561190783978,1885.6003319378942,2048,3.4416913763379853e-15,0
exploration,fashion_mnist-med-full-n10000-b100,dense64,,482.64481290243566,479.0253578685224,482.93100600130856,7016448,2.0650148258027912e-14,0
exploration,fashion_mnist-med-full-n10000-b100,dense256,,478.96098997443914,478.0167820863426,481.43598390743136,7016448,2.042810365310288e-14,0
exploration,fashion_mnist-med-full-n10000-b1000,traversal,,19762.563470983878,19727.181758964434,19766.640631016344,2048,2.2426505097428162e-14,0
exploration,fashion_mnist-med-full-n10000-b1000,dense64,,564.2750291153789,563.4852040093392,566.3922792300582,7477248,2.0106138975961585e-13,0
exploration,fashion_mnist-med-full-n10000-b1000,dense256,,564.6547500509769,562.8137090243399,565.2930987998843,7477248,2.0095036745715333e-13,0
exploration,fashion_mnist-med-full-n1000-b100,traversal,,179.24922588281333,179.11837808787823,179.59283594973385,2048,8.881784197001252e-16,0
exploration,fashion_mnist-med-full-n1000-b100,dense64,,382.985704112798,382.0102179888636,392.78011000715196,2408448,1.0130785099704553e-14,0
exploration,fashion_mnist-med-full-n1000-b100,dense256,,383.1543989945203,383.1469570286572,385.7680130749941,2408448,1.0130785099704553e-14,0
exploration,fashion_mnist-large-prefix2-n10000-b1000,traversal,,1089.3590359482914,1087.2163160238415,1091.875263955444,2560,1.1102230246251565e-16,0
exploration,fashion_mnist-large-prefix2-n10000-b1000,dense64,,355.8512369636446,355.6510640773922,355.89316114783287,55917056,8.916478666520788e-16,0
exploration,fashion_mnist-large-prefix2-n10000-b1000,dense256,,385.70540794171393,385.54280111566186,385.71309903636575,240020480,8.916478666520788e-16,0
confirmation,adult-small-copies1-n100-b10000,traversal,traversal,2.6062619872391224,2.6037089992314577,2.6073839981108904,2048,3.7192471324942744e-15,0
confirmation,adult-small-copies1-n100-b10000,dense,traversal,0.47622015699744225,0.42043603025376797,0.5887800361961126,5194752,2.7614022179989206e-13,0
confirmation,adult-small-copies1-n100-b10000,policy,traversal,2.6047900319099426,2.598660998046398,2.6057709474116564,2048,3.0253577421035516e-15,0
confirmation,adult-small-copies1-n1000-b1000,traversal,dense,1.7518301028758287,1.748895039781928,1.7573479562997818,2048,1.1657341758564144e-15,0
confirmation,adult-small-copies1-n1000-b1000,dense,dense,0.39766100235283375,0.3893489483743906,0.4145579878240824,1047552,2.2370993946196904e-14,0
confirmation,adult-small-copies1-n1000-b1000,policy,dense,0.37939404137432575,0.3781318664550781,0.4161491524428129,1047552,2.2370993946196904e-14,0
confirmation,adult-small-copies1-n2000-b512,traversal,dense,1.786783104762435,1.7854110337793827,1.7925221472978592,2048,7.771561172376096e-16,0
confirmation,adult-small-copies1-n2000-b512,dense,dense,0.37356489337980747,0.3724128473550081,0.3857628908008337,1309696,4.718447854656915e-15,0
confirmation,adult-small-copies1-n2000-b512,policy,dense,0.39712991565465927,0.3795251250267029,0.42555411346256733,1309696,4.718447854656915e-15,0
confirmation,adult-small-copies1-n5000-b256,traversal,dense,2.2038030438125134,2.203602809458971,2.2135989274829626,2048,1.3877787807814457e-15,0
confirmation,adult-small-copies1-n5000-b256,dense,dense,0.34952908754348755,0.34453091211616993,0.39235292933881283,2714624,3.9968028886505635e-15,0
confirmation,adult-small-copies1-n5000-b256,policy,dense,0.34129596315324306,0.34049502573907375,0.3532441332936287,2714624,3.9968028886505635e-15,0
confirmation,adult-small-copies1-n20000-b100,traversal,dense,3.9358639623969793,3.920560935512185,3.940611146390438,2048,9.992007221626409e-16,0
confirmation,adult-small-copies1-n20000-b100,dense,dense,0.48794900067150593,0.47871400602161884,0.5398169159889221,10314752,3.0531133177191805e-15,0
confirmation,adult-small-copies1-n20000-b100,policy,dense,0.541528919711709,0.4755889531224966,0.589702045544982,10314752,3.0531133177191805e-15,0
confirmation,adult-small-copies1-n5000-b100,traversal,traversal,0.9644289966672659,0.9632969740778208,0.9658311028033495,2048,3.3306690738754696e-16,0
confirmation,adult-small-copies1-n5000-b100,dense,traversal,0.4049730487167835,0.40002516470849514,0.4710420034825802,2634752,1.6375789613221059e-15,0
confirmation,adult-small-copies1-n5000-b100,policy,traversal,0.9646089747548103,0.9616550523787737,0.9650900028645992,2048,3.3306690738754696e-16,0
confirmation,adult-small-copies1-n1000-b100,traversal,traversal,0.22593210451304913,0.22471998818218708,0.23115985095500946,2048,7.216449660063518e-16,0
confirmation,adult-small-copies1-n1000-b100,dense,traversal,0.3974309656769037,0.3878669813275337,0.41015096940100193,586752,1.887379141862766e-15,0
confirmation,adult-small-copies1-n1000-b100,policy,traversal,0.22653304040431976,0.2252110280096531,0.22662198171019554,2048,7.216449660063518e-16,0
confirmation,adult-small-copies10-n10000-b100,traversal,dense,20.186264999210835,20.18182910978794,20.19099215976894,2048,7.549516567451064e-15,0
confirmation,adult-small-copies10-n10000-b100,dense,dense,1.8961778841912746,1.8268930725753307,2.005815040320158,5194752,2.0605739337042905e-13,0
confirmation,adult-small-copies10-n10000-b100,policy,dense,1.9577920902520418,1.8588118255138397,2.1418300457298756,5194752,2.0605739337042905e-13,0
confirmation,cal_housing-small-copies1-n100-b10000,traversal,traversal,3.3301268704235554,3.3150340896099806,3.3361571840941906,2048,1.1879386363489175e-14,0
confirmation,cal_housing-small-copies1-n100-b10000,dense,traversal,0.49752299673855305,0.4895799793303013,0.5454150959849358,6423040,1.3911094498553211e-13,0
confirmation,cal_housing-small-copies1-n100-b10000,policy,traversal,3.338460111990571,3.3040179405361414,3.3505179453641176,2048,1.2545520178264269e-14,0
confirmation,cal_housing-small-copies1-n1000-b1000,traversal,dense,1.2643630616366863,1.2637621257454157,1.2657048646360636,2048,1.6375789613221059e-15,0
confirmation,cal_housing-small-copies1-n1000-b1000,dense,dense,0.34304894506931305,0.34001399762928486,0.37806201726198196,1287680,1.5959455978986625e-14,0
confirmation,cal_housing-small-copies1-n1000-b1000,policy,dense,0.37114089354872704,0.35085086710751057,0.3799141850322485,1287680,1.5959455978986625e-14,0
confirmation,cal_housing-small-copies1-n2000-b512,traversal,dense,1.280135940760374,1.2772618792951107,1.2836919631808996,2048,0.0,0
confirmation,cal_housing-small-copies1-n2000-b512,dense,dense,0.3255519550293684,0.32542203553020954,0.38023502565920353,1368576,0.0,0
confirmation,cal_housing-small-copies1-n2000-b512,policy,dense,0.3550969995558262,0.3547871019691229,0.3767900634557009,1368576,0.0,0
confirmation,cal_housing-small-copies1-n5000-b256,traversal,dense,1.613551052287221,1.612930092960596,1.6204121056944132,2048,0.0,0
confirmation,cal_housing-small-copies1-n5000-b256,dense,dense,0.34876703284680843,0.33420510590076447,0.35105086863040924,3248128,0.0,0
confirmation,cal_housing-small-copies1-n5000-b256,policy,dense,0.3358179237693548,0.3353268839418888,0.3370500635355711,3248128,0.0,0
confirmation,cal_housing-small-copies1-n20000-b100,traversal,dense,2.6491570752114058,2.648347057402134,2.654485171660781,2048,5.551115123125783e-16,0
confirmation,cal_housing-small-copies1-n20000-b100,dense,dense,0.3666349221020937,0.3641808871179819,0.37548807449638844,12823040,1.7763568394002505e-15,0
confirmation,cal_housing-small-copies1-n20000-b100,policy,dense,0.39702095091342926,0.37188222631812096,0.41669001802802086,12823040,1.7763568394002505e-15,0
confirmation,cal_housing-small-copies1-n5000-b100,traversal,traversal,0.6695431657135487,0.6679210346192122,0.6735280621796846,2048,3.0531133177191805e-16,0
confirmation,cal_housing-small-copies1-n5000-b100,dense,traversal,0.3724528942257166,0.3460629377514124,0.39814203046262264,3223552,2.4980018054066022e-15,0
confirmation,cal_housing-small-copies1-n5000-b100,policy,traversal,0.6688518915325403,0.6676199845969677,0.6724870763719082,2048,3.0531133177191805e-16,0
confirmation,cal_housing-small-copies1-n1000-b100,traversal,traversal,0.16328692436218262,0.16187503933906555,0.1670129131525755,2048,4.440892098500626e-16,0
confirmation,cal_housing-small-copies1-n1000-b100,dense,traversal,0.3784629516303539,0.3746571019291878,0.3895100671797991,663552,2.3037127760972e-15,0
confirmation,cal_housing-small-copies1-n1000-b100,policy,traversal,0.1626661978662014,0.15961192548274994,0.1646699383854866,2048,3.3306690738754696e-16,0
confirmation,cal_housing-small-copies10-n10000-b100,traversal,dense,15.106430975720286,15.08763199672103,15.109075931832194,2048,7.549516567451064e-15,0
confirmation,cal_housing-small-copies10-n10000-b100,dense,dense,1.8969299271702766,1.8596530426293612,1.915798056870699,5186560,4.929390229335695e-14,0
confirmation,cal_housing-small-copies10-n10000-b100,policy,dense,1.9436799921095371,1.8818159587681293,2.2075199522078037,5186560,4.929390229335695e-14,0
confirmation,covtype-small-copies1-n100-b10000,traversal,traversal,9.271844988688827,9.268509922549129,9.287427878007293,2048,2.4147350785597155e-15,0
confirmation,covtype-small-copies1-n100-b10000,dense,traversal,2.861978951841593,2.8524249792099,2.9601079877465963,13489152,1.9412249585570862e-13,0
confirmation,covtype-small-copies1-n100-b10000,policy,traversal,9.270872920751572,9.254158940166235,9.275760967284441,2048,2.9976021664879227e-15,0
confirmation,covtype-small-copies1-n1000-b1000,traversal,dense,9.173095924779773,9.171913843601942,9.22407303005457,2048,1.4155343563970746e-15,0
confirmation,covtype-small-copies1-n1000-b1000,dense,dense,2.038574079051614,1.7981198616325855,2.084862906485796,2856960,1.8318679906315083e-14,0
confirmation,covtype-small-copies1-n1000-b1000,policy,dense,1.8181600607931614,1.80226587690413,1.9784730393439531,2856960,1.8318679906315083e-14,0
confirmation,covtype-small-copies1-n2000-b512,traversal,dense,9.51457186602056,9.504185989499092,9.517597034573555,2048,6.106226635438361e-16,0
confirmation,covtype-small-copies1-n2000-b512,dense,dense,2.190543105825782,2.177113201469183,2.2370929364115,3376128,6.106226635438361e-15,0
confirmation,covtype-small-copies1-n2000-b512,policy,dense,2.1228811237961054,2.039755927398801,2.2857070434838533,3376128,6.106226635438361e-15,0
confirmation,covtype-small-copies1-n5000-b256,traversal,dense,12.775175040587783,12.762194965034723,12.77975202538073,2048,4.163336342344337e-16,0
confirmation,covtype-small-copies1-n5000-b256,dense,dense,2.099054865539074,2.077211858704686,2.10191891528666,8348160,2.525757381022231e-15,0
confirmation,covtype-small-copies1-n5000-b256,policy,dense,2.083261962980032,2.057652920484543,2.1286301780492067,8348160,2.4980018054066022e-15,0
confirmation,covtype-small-copies1-n20000-b100,traversal,dense,19.1112388856709,19.10675293765962,19.117578864097595,2048,5.828670879282072e-16,0
confirmation,covtype-small-copies1-n20000-b100,dense,dense,3.7381649017333984,3.691422985866666,3.745235037058592,33295360,2.581268532253489e-15,0
confirmation,covtype-small-copies1-n20000-b100,policy,dense,3.7698918022215366,3.769111819565296,3.8261180743575096,33295360,2.55351295663786e-15,0
confirmation,covtype-small-copies1-n5000-b100,traversal,traversal,4.646779038012028,4.643803928047419,4.649082897230983,2048,4.996003610813204e-16,0
confirmation,covtype-small-copies1-n5000-b100,dense,traversal,2.0927060395479202,2.0147981122136116,2.1104218903928995,8335872,2.1094237467877974e-15,0
confirmation,covtype-small-copies1-n5000-b100,policy,traversal,4.633259028196335,4.633039003238082,4.63749491609633,2048,4.718447854656915e-16,0
confirmation,covtype-small-copies1-n1000-b100,traversal,traversal,0.9100660681724548,0.8994110394269228,0.9163259528577328,2048,3.885780586188048e-16,0
confirmation,covtype-small-copies1-n1000-b100,dense,traversal,1.9311511423438787,1.7953559290617704,1.9401239696890116,1679872,2.275957200481571e-15,0
confirmation,covtype-small-copies1-n1000-b100,policy,traversal,0.9761268738657236,0.9009328205138445,1.0592220351099968,2048,4.996003610813204e-16,0
confirmation,covtype-small-copies10-n10000-b100,traversal,dense,95.80026404000819,95.79447587020695,95.85114102810621,2048,3.9968028886505635e-15,0
confirmation,covtype-small-copies10-n10000-b100,dense,dense,12.74152286350727,12.539287796244025,13.13624088652432,46141440,1.3988810110276972e-13,0
confirmation,covtype-small-copies10-n10000-b100,policy,dense,12.712801108136773,12.662355089560151,13.203681912273169,46141440,1.3988810110276972e-13,0
confirmation,fashion_mnist-small-copies1-n100-b10000,traversal,traversal,20.04007389768958,20.039804046973586,20.04219708032906,2048,2.275957200481571e-15,0
confirmation,fashion_mnist-small-copies1-n100-b10000,dense,traversal,2.289482858031988,2.25791591219604,2.319019054993987,7391232,1.6342482922482304e-13,0
confirmation,fashion_mnist-small-copies1-n100-b10000,policy,traversal,20.017779897898436,20.01709002070129,20.020243944600224,2048,2.0816681711721685e-15,0
confirmation,fashion_mnist-small-copies1-n1000-b1000,traversal,dense,20.054906141012907,20.05312405526638,20.074366126209497,2048,1.4432899320127035e-15,0
confirmation,fashion_mnist-small-copies1-n1000-b1000,dense,dense,2.480451948940754,2.3569350596517324,2.6199729181826115,1481216,1.9539925233402755e-14,0
confirmation,fashion_mnist-small-copies1-n1000-b1000,policy,dense,2.42020096629858,2.400401048362255,2.7225289959460497,1481216,1.9539925233402755e-14,0
confirmation,fashion_mnist-small-copies1-n2000-b512,traversal,dense,20.71800990961492,20.7155158277601,20.728586008772254,2048,7.771561172376096e-16,0
confirmation,fashion_mnist-small-copies1-n2000-b512,dense,dense,2.606272930279374,2.556517021730542,2.6470739394426346,1595392,5.717648576819556e-15,0
confirmation,fashion_mnist-small-copies1-n2000-b512,policy,dense,2.639753045514226,2.63219210319221,2.673633862286806,1595392,5.717648576819556e-15,0
confirmation,fashion_mnist-small-copies1-n5000-b256,traversal,dense,26.024236110970378,26.017796015366912,27.082005981355906,2048,4.996003610813204e-16,0
confirmation,fashion_mnist-small-copies1-n5000-b256,dense,dense,3.158748149871826,3.1110758427530527,3.1607209239155054,3746304,3.4416913763379853e-15,0
confirmation,fashion_mnist-small-copies1-n5000-b256,policy,dense,3.1150218565016985,3.102814080193639,3.153919940814376,3746304,3.497202527569243e-15,0
confirmation,fashion_mnist-small-copies1-n20000-b100,traversal,dense,42.07723797298968,42.03840997070074,42.1630390919745,2048,4.440892098500626e-16,0
confirmation,fashion_mnist-small-copies1-n20000-b100,dense,dense,8.548460900783539,8.54717893525958,8.569522062316537,14751232,2.4980018054066022e-15,0
confirmation,fashion_mnist-small-copies1-n20000-b100,policy,dense,8.623104076832533,8.564165094867349,8.62848199903965,14751232,2.55351295663786e-15,0
confirmation,fashion_mnist-small-copies1-n5000-b100,traversal,traversal,11.625234968960285,11.616882169619203,11.63780502974987,2048,6.106226635438361e-16,0
confirmation,fashion_mnist-small-copies1-n5000-b100,dense,traversal,3.1349719502031803,3.1176148913800716,3.3750750590115786,3711488,2.4424906541753444e-15,0
confirmation,fashion_mnist-small-copies1-n5000-b100,policy,traversal,11.609500972554088,11.608520057052374,11.615310097113252,2048,4.996003610813204e-16,0
confirmation,fashion_mnist-small-copies1-n1000-b100,traversal,traversal,2.457637106999755,2.4565570056438446,2.4611330591142178,2048,3.3306690738754696e-16,0
confirmation,fashion_mnist-small-copies1-n1000-b100,dense,traversal,2.4702968075871468,2.430667169392109,2.9544788412749767,767488,1.5265566588595902e-15,0
confirmation,fashion_mnist-small-copies1-n1000-b100,policy,traversal,2.4618329480290413,2.438739174976945,2.4645079392939806,2048,2.7755575615628914e-16,0
confirmation,fashion_mnist-small-copies10-n10000-b100,traversal,dense,188.51621192879975,188.25394613668323,188.66622913628817,2048,1.4654943925052066e-14,0
confirmation,fashion_mnist-small-copies10-n10000-b100,dense,dense,21.71092084608972,19.620449049398303,22.877796087414026,5196800,1.7497114868092467e-13,0
confirmation,fashion_mnist-small-copies10-n10000-b100,policy,dense,19.592466996982694,19.5768428966403,19.607329042628407,5196800,1.745270594710746e-13,0
