case,product_choice,background_guard_choice,previous_choice,variant,median_wall_ms,min_wall_ms,max_wall_ms,peak_reserved_bytes,max_error,fallbacks_including_warmup
adult-d3-r10-n100-b10000,dense,dense,traversal,traversal,2.6792078278958797,2.675561932846904,2.683294005692005,2048,3.1086244689504383e-15,0
adult-d3-r10-n100-b10000,dense,dense,traversal,dense,0.4230600316077471,0.37766178138554096,0.5634829867631197,5194752,2.4491519923230953e-13,0
adult-d3-r10-n100-b10000,dense,dense,traversal,policy,0.37618004716932774,0.36749616265296936,0.39429799653589725,5194752,2.4491519923230953e-13,0
adult-d3-r10-n1000-b1000,dense,dense,dense,traversal,1.6550160944461823,1.653553918004036,1.6592228785157204,2048,2.0261570199409107e-15,0
adult-d3-r10-n1000-b1000,dense,dense,dense,dense,0.33914390951395035,0.33290404826402664,0.3769609611481428,1047552,2.248201624865942e-14,0
adult-d3-r10-n1000-b1000,dense,dense,dense,policy,0.3659641370177269,0.3318327944725752,0.3833810333162546,1047552,2.245426067304379e-14,0
adult-d3-r10-n10000-b100,dense,dense,dense,traversal,1.5538227744400501,1.552571076899767,1.5580300241708755,2048,7.216449660063518e-16,0
adult-d3-r10-n10000-b100,dense,dense,dense,dense,0.34658494405448437,0.34459191374480724,0.41533890180289745,5194752,3.552713678800501e-15,0
adult-d3-r10-n10000-b100,dense,dense,dense,policy,0.3474659752100706,0.3421178553253412,0.3637711051851511,5194752,3.552713678800501e-15,0
adult-d3-r10-n20000-b50,dense,traversal,traversal,traversal,1.4738119207322598,1.4726200606673956,1.4826951082795858,2048,3.885780586188048e-16,0
adult-d3-r10-n20000-b50,dense,traversal,traversal,dense,0.3676959313452244,0.35448698326945305,0.4369418602436781,10289152,1.4432899320127035e-15,0
adult-d3-r10-n20000-b50,dense,traversal,traversal,policy,0.35971496254205704,0.35646907053887844,0.38686604239046574,10289152,1.4432899320127035e-15,0
adult-d3-r10-n100000-b10,dense,traversal,traversal,traversal,1.6448809765279293,1.6447098460048437,1.6498479526489973,2048,1.6653345369377348e-16,0
adult-d3-r10-n100000-b10,dense,traversal,traversal,dense,0.7972370367497206,0.7845980580896139,0.8127910550683737,12811264,4.996003610813204e-16,0
adult-d3-r10-n100000-b10,dense,traversal,traversal,policy,0.7952849846333265,0.7867920212447643,0.8243978954851627,12811264,4.996003610813204e-16,0
adult-d3-r10-n200-b10000,dense,dense,traversal,traversal,4.408296896144748,4.401826998218894,4.415818024426699,2048,3.608224830031759e-15,0
adult-d3-r10-n200-b10000,dense,dense,traversal,dense,0.35979505628347397,0.3482780884951353,0.37713092751801014,5245952,1.4449552665496412e-13,0
adult-d3-r10-n200-b10000,dense,dense,traversal,policy,0.3596339374780655,0.34589413553476334,0.3637010231614113,5245952,1.4449552665496412e-13,0
adult-d3-r10-n20000-b100,dense,dense,dense,traversal,3.2770331017673016,3.2768230885267258,3.2898730132728815,2048,6.661338147750939e-16,0
adult-d3-r10-n20000-b100,dense,dense,dense,dense,0.34711603075265884,0.34033600240945816,0.3898809663951397,10314752,4.496403249731884e-15,0
adult-d3-r10-n20000-b100,dense,dense,dense,policy,0.3635610919445753,0.36109681241214275,0.378553057089448,10314752,4.440892098500626e-15,0
adult-d3-r10-n100000-b20,dense,traversal,traversal,traversal,3.114938037469983,3.1055230647325516,3.1176418997347355,2048,2.220446049250313e-16,0
adult-d3-r10-n100000-b20,dense,traversal,traversal,dense,0.8528120815753937,0.8331611752510071,0.8714490104466677,12812288,8.881784197001252e-16,0
adult-d3-r10-n100000-b20,dense,traversal,traversal,policy,0.8634079713374376,0.7958961650729179,0.8746550884097815,12812288,8.326672684688674e-16,0
adult-d3-r10-n5000-b100,traversal,traversal,traversal,traversal,0.7865820080041885,0.7861810736358166,0.7870420813560486,2048,4.440892098500626e-16,0
adult-d3-r10-n5000-b100,traversal,traversal,traversal,dense,0.36005512811243534,0.33780094236135483,0.3916430287063122,2634752,3.2751579226442118e-15,0
adult-d3-r10-n5000-b100,traversal,traversal,traversal,policy,0.7857200689613819,0.7845980580896139,0.7914078887552023,2048,4.440892098500626e-16,0
adult-d6-r10-n100-b10000,dense,dense,traversal,traversal,7.167625008150935,7.167606148868799,7.169127929955721,2048,1.8041124150158794e-15,0
adult-d6-r10-n100-b10000,dense,dense,traversal,dense,1.2994981370866299,1.287610037252307,1.5409840270876884,9587200,4.699018951725975e-14,0
adult-d6-r10-n100-b10000,dense,dense,traversal,policy,1.3174249324947596,1.2958729639649391,1.3597391080111265,9587200,4.704570066849101e-14,0
adult-d6-r10-n1000-b1000,dense,dense,dense,traversal,6.8371950183063745,6.828532088547945,6.838356843218207,2048,8.326672684688674e-16,0
adult-d6-r10-n1000-b1000,dense,dense,dense,dense,1.2834640219807625,1.263763988390565,1.3054069131612778,1927680,2.0289325775024736e-14,0
adult-d6-r10-n1000-b1000,dense,dense,dense,policy,1.2713661417365074,1.2662881053984165,1.2740001548081636,1927680,2.0289325775024736e-14,0
adult-d6-r10-n10000-b100,dense,dense,dense,traversal,6.669000955298543,6.6663159523159266,6.669631926342845,2048,5.551115123125783e-16,0
adult-d6-r10-n10000-b100,dense,dense,dense,dense,1.3171250466257334,1.3009400572627783,1.339958980679512,9587200,3.1086244689504383e-15,0
adult-d6-r10-n10000-b100,dense,dense,dense,policy,1.3309349305927753,1.321340911090374,1.3362839818000793,9587200,3.1086244689504383e-15,0
adult-d6-r10-n20000-b50,dense,traversal,traversal,traversal,6.193690001964569,6.168171996250749,6.221213145181537,2048,4.440892098500626e-16,0
adult-d6-r10-n20000-b50,dense,traversal,traversal,dense,1.8290600273758173,1.7824501264840364,9.396922076120973,8616448,1.3877787807814457e-15,0
adult-d6-r10-n20000-b50,dense,traversal,traversal,policy,2.1325501147657633,1.769260037690401,4.456839989870787,8616448,1.3877787807814457e-15,0
adult-d6-r10-n100000-b10,dense,traversal,traversal,traversal,6.513955071568489,6.513735977932811,6.519464077427983,2048,1.6653345369377348e-16,0
adult-d6-r10-n100000-b10,dense,traversal,traversal,dense,6.305730901658535,6.280933041125536,6.3095660880208015,8058368,6.106226635438361e-16,0
adult-d6-r10-n100000-b10,dense,traversal,traversal,policy,6.296826992183924,6.261633010581136,6.325559923425317,8058368,6.106226635438361e-16,0
adult-d6-r10-n200-b10000,dense,dense,traversal,traversal,13.714100001379848,13.69603187777102,13.725737109780312,2048,2.220446049250313e-15,0
adult-d6-r10-n200-b10000,dense,dense,traversal,dense,1.3156130444258451,1.3010399416089058,1.3330490328371525,9631232,2.751132655021138e-13,0
adult-d6-r10-n200-b10000,dense,dense,traversal,policy,1.3017221353948116,1.29557098262012,1.3089829590171576,9631232,2.751410210777294e-13,0
adult-d6-r10-n20000-b100,dense,dense,dense,traversal,12.847688049077988,12.842589989304543,12.865055119618773,2048,5.551115123125783e-16,0
adult-d6-r10-n20000-b100,dense,dense,dense,dense,1.7993459478020668,1.764622051268816,1.8178729806095362,8637440,3.552713678800501e-15,0
adult-d6-r10-n20000-b100,dense,dense,dense,policy,1.8332158215343952,1.7779618501663208,1.9776250701397657,8637440,3.497202527569243e-15,0
adult-d6-r10-n100000-b20,dense,traversal,traversal,traversal,12.133525917306542,12.121638981625438,12.134077027440071,2048,2.220446049250313e-16,0
adult-d6-r10-n100000-b20,dense,traversal,traversal,dense,6.351819960400462,6.304177921265364,6.733829155564308,8059392,7.771561172376096e-16,0
adult-d6-r10-n100000-b20,dense,traversal,traversal,policy,6.274233106523752,6.254331907257438,6.469127023592591,8059392,7.771561172376096e-16,0
adult-d6-r10-n5000-b100,traversal,traversal,traversal,traversal,3.3960030414164066,3.3958228304982185,3.403244074434042,2048,8.881784197001252e-16,0
adult-d6-r10-n5000-b100,traversal,traversal,traversal,dense,1.3155429624021053,1.290624961256981,1.3163939584046602,4827136,2.9976021664879227e-15,0
adult-d6-r10-n5000-b100,traversal,traversal,traversal,policy,3.398466855287552,3.396423999220133,3.403073875233531,2048,7.771561172376096e-16,0
adult-d6-r100-n100-b10000,dense,dense,traversal,traversal,66.47940305992961,66.43666792660952,66.52907887473702,2048,1.2212453270876722e-14,0
adult-d6-r100-n100-b10000,dense,dense,traversal,dense,10.872978018596768,10.771723929792643,11.483871843665838,5509632,2.1258550475522497e-12,0
adult-d6-r100-n100-b10000,dense,dense,traversal,policy,10.985166998580098,10.736319934949279,11.181383859366179,5509632,2.1254109583423997e-12,0
adult-d6-r100-n1000-b1000,dense,dense,dense,traversal,63.393169082701206,63.36617795750499,63.44136199913919,2048,8.659739592076221e-15,0
adult-d6-r100-n1000-b1000,dense,dense,dense,dense,10.57217107154429,10.527814039960504,10.945627931505442,1362432,5.17585974080248e-13,0
adult-d6-r100-n1000-b1000,dense,dense,dense,policy,10.59795101173222,10.581756010651588,10.76666614972055,1362432,5.17585974080248e-13,0
adult-d6-r100-n10000-b100,dense,dense,dense,traversal,61.359077924862504,61.34755117818713,61.36219296604395,2048,5.773159728050814e-15,0
adult-d6-r100-n10000-b100,dense,dense,dense,dense,10.814337991178036,10.692614130675793,17.78724999167025,5509632,7.993605777301127e-14,0
adult-d6-r100-n10000-b100,dense,dense,dense,policy,10.868921177461743,10.754466988146305,12.83483812585473,5509632,8.038014698286133e-14,0
adult-d6-r100-n20000-b50,dense,traversal,traversal,traversal,58.72638104483485,58.72143292799592,58.78866510465741,2048,2.6645352591003757e-15,0
adult-d6-r100-n20000-b50,dense,traversal,traversal,dense,13.479855144396424,13.407486025243998,19.659233978018165,8618496,3.8413716652030416e-14,0
adult-d6-r100-n20000-b50,dense,traversal,traversal,policy,13.102814089506865,13.02577811293304,13.488559052348137,8618496,3.8413716652030416e-14,0
adult-d6-r100-n100000-b10,dense,traversal,traversal,traversal,62.03063600696623,62.0025631505996,62.08377587608993,2048,1.3322676295501878e-15,0
adult-d6-r100-n100000-b10,dense,traversal,traversal,dense,63.78193781711161,63.780063996091485,63.86306998319924,8058880,1.4210854715202004e-14,0
adult-d6-r100-n100000-b10,dense,traversal,traversal,policy,72.53521517850459,64.31758916005492,73.03425995633006,8058880,1.4210854715202004e-14,0
adult-d6-r100-n200-b10000,dense,dense,traversal,traversal,123.82316985167563,123.74515202827752,124.04589704237878,2048,1.354472090042691e-14,0
adult-d6-r100-n200-b10000,dense,dense,traversal,dense,10.742890182882547,10.661717969924212,10.943643981590867,5560832,1.7150725284409418e-12,0
adult-d6-r100-n200-b10000,dense,dense,traversal,policy,10.770763037726283,10.736329946666956,10.89305686764419,5560832,1.7150725284409418e-12,0
adult-d6-r100-n20000-b100,dense,dense,dense,traversal,119.20452490448952,119.16520493105054,119.2130979616195,2048,6.217248937900877e-15,0
adult-d6-r100-n20000-b100,dense,dense,dense,dense,13.164668111130595,13.076293049380183,14.719733037054539,8639488,5.81756864903582e-14,0
adult-d6-r100-n20000-b100,dense,dense,dense,policy,13.289636932313442,13.170877005904913,18.975168000906706,8639488,5.81756864903582e-14,0
adult-d6-r100-n100000-b20,dense,traversal,traversal,traversal,120.19222090020776,120.19055779092014,120.208574924618,2048,3.1086244689504383e-15,0
adult-d6-r100-n100000-b20,dense,traversal,traversal,dense,64.20587887987494,63.88259003870189,71.95718795992434,8059904,1.865174681370263e-14,0
adult-d6-r100-n100000-b20,dense,traversal,traversal,policy,71.10075186938047,63.76998918130994,71.51014194823802,8059904,1.865174681370263e-14,0
adult-d6-r100-n5000-b100,traversal,traversal,traversal,traversal,32.15343598276377,32.14700683020055,32.15649118646979,2048,4.440892098500626e-15,0
adult-d6-r100-n5000-b100,traversal,traversal,traversal,dense,11.048151878640056,10.899496963247657,17.72785885259509,2949632,7.327471962526033e-14,0
adult-d6-r100-n5000-b100,traversal,traversal,traversal,policy,32.13995601981878,32.13775297626853,32.16972085647285,2048,4.440892098500626e-15,0
cal_housing-d3-r10-n100-b10000,dense,dense,traversal,traversal,3.2564308494329453,3.254879964515567,3.2646639738231897,2048,1.2989609388114332e-14,0
cal_housing-d3-r10-n100-b10000,dense,dense,traversal,dense,0.45713293366134167,0.43761287815868855,0.47139404341578484,6423040,1.4288570326925765e-13,0
cal_housing-d3-r10-n100-b10000,dense,dense,traversal,policy,0.44644600711762905,0.441559124737978,0.46737794764339924,6423040,1.4277468096679513e-13,0
cal_housing-d3-r10-n1000-b1000,dense,dense,dense,traversal,1.2619812041521072,1.259257085621357,1.2629330158233643,2048,1.2212453270876722e-15,0
cal_housing-d3-r10-n1000-b1000,dense,dense,dense,dense,0.3233200404793024,0.32294890843331814,0.3737059887498617,1287680,1.5210055437364645e-14,0
cal_housing-d3-r10-n1000-b1000,dense,dense,dense,policy,0.34170784056186676,0.31989417038857937,0.3786841407418251,1287680,1.5210055437364645e-14,0
cal_housing-d3-r10-n10000-b100,dense,dense,dense,traversal,1.2535080313682556,1.2491419911384583,1.2593769934028387,2048,5.551115123125783e-16,0
cal_housing-d3-r10-n10000-b100,dense,dense,dense,dense,0.3475670237094164,0.33120205625891685,0.3951089456677437,6423040,2.9698465908722937e-15,0
cal_housing-d3-r10-n10000-b100,dense,dense,dense,policy,0.340975821018219,0.3332539927214384,0.3473660908639431,6423040,3.0253577421035516e-15,0
cal_housing-d3-r10-n20000-b50,dense,traversal,traversal,traversal,1.29930698312819,1.299017108976841,1.3040350750088692,2048,1.942890293094024e-16,0
cal_housing-d3-r10-n20000-b50,dense,traversal,traversal,dense,0.36195782013237476,0.3535449504852295,0.3969010431319475,12814848,6.661338147750939e-16,0
cal_housing-d3-r10-n20000-b50,dense,traversal,traversal,policy,0.3555279690772295,0.34875888377428055,0.3813779912889004,12814848,6.661338147750939e-16,0
cal_housing-d3-r10-n100000-b10,dense,traversal,traversal,traversal,1.40513782389462,1.4010819140821695,1.4070810284465551,2048,1.1102230246251565e-16,0
cal_housing-d3-r10-n100000-b10,dense,traversal,traversal,dense,0.8774888701736927,0.8611839730292559,0.8862221147865057,12809216,1.942890293094024e-16,0
cal_housing-d3-r10-n100000-b10,dense,traversal,traversal,policy,0.8641090244054794,0.8572780061513186,0.8887560106813908,12809216,2.220446049250313e-16,0
cal_housing-d3-r10-n200-b10000,dense,dense,traversal,traversal,5.565678933635354,5.547842942178249,5.572950001806021,2048,7.105427357601002e-15,0
cal_housing-d3-r10-n200-b10000,dense,dense,traversal,dense,0.4459950141608715,0.4357900470495224,0.45770290307700634,6438912,1.0730305533002138e-13,0
cal_housing-d3-r10-n200-b10000,dense,dense,traversal,policy,0.43752207420766354,0.43338583782315254,0.4469268023967743,6438912,1.0727529975440575e-13,0
cal_housing-d3-r10-n20000-b100,dense,dense,dense,traversal,2.5208978913724422,2.5195260532200336,2.529611112549901,2048,6.661338147750939e-16,0
cal_housing-d3-r10-n20000-b100,dense,dense,dense,dense,0.36128703504800797,0.34690508618950844,0.37212297320365906,12823040,2.1649348980190553e-15,0
cal_housing-d3-r10-n20000-b100,dense,dense,dense,policy,0.36254897713661194,0.35935500636696815,0.3960400354117155,12823040,2.192690473634684e-15,0
cal_housing-d3-r10-n100000-b20,dense,traversal,traversal,traversal,2.7586380019783974,2.7565849013626575,2.759830094873905,2048,1.1102230246251565e-16,0
cal_housing-d3-r10-n100000-b20,dense,traversal,traversal,dense,0.8904789574444294,0.8874537888914347,0.9041489101946354,12810240,4.996003610813204e-16,0
cal_housing-d3-r10-n100000-b20,dense,traversal,traversal,policy,0.8831068407744169,0.8698469027876854,0.886883120983839,12810240,4.996003610813204e-16,0
cal_housing-d3-r10-n5000-b100,traversal,traversal,traversal,traversal,0.6444461178034544,0.6413909140974283,0.6456379778683186,2048,4.440892098500626e-16,0
cal_housing-d3-r10-n5000-b100,traversal,traversal,traversal,dense,0.34151808358728886,0.32399105839431286,0.3912930842489004,3223552,2.8033131371785203e-15,0
cal_housing-d3-r10-n5000-b100,traversal,traversal,traversal,policy,0.6418121047317982,0.6389480549842119,0.6476710550487041,2048,3.885780586188048e-16,0
cal_housing-d6-r10-n100-b10000,dense,dense,traversal,traversal,7.715865969657898,7.711929036304355,7.72136403247714,2048,1.7763568394002505e-15,0
cal_housing-d6-r10-n100-b10000,dense,dense,traversal,dense,1.9930489361286163,1.8216688185930252,2.0080008544027805,6583296,9.842127113302013e-14,0
cal_housing-d6-r10-n100-b10000,dense,dense,traversal,policy,1.9137680064886808,1.8349189776927233,1.9947008695453405,6583296,9.844902670863576e-14,0
cal_housing-d6-r10-n1000-b1000,dense,dense,dense,traversal,5.78896701335907,5.779452854767442,5.803739884868264,2048,8.881784197001252e-16,0
cal_housing-d6-r10-n1000-b1000,dense,dense,dense,dense,1.7741869669407606,1.7537260428071022,1.822260208427906,1320960,4.773959005888173e-15,0
cal_housing-d6-r10-n1000-b1000,dense,dense,dense,policy,1.7868159338831902,1.7756291199475527,1.793786883354187,1320960,4.6629367034256575e-15,0
cal_housing-d6-r10-n10000-b100,dense,dense,dense,traversal,5.966186057776213,5.965885007753968,5.975690204650164,2048,2.7755575615628914e-16,0
cal_housing-d6-r10-n10000-b100,dense,dense,dense,dense,1.8660060595721006,1.7901810351759195,1.8775940407067537,6583296,8.049116928532385e-16,0
cal_housing-d6-r10-n10000-b100,dense,dense,dense,policy,1.805985113605857,1.8005769234150648,2.0985680166631937,6583296,8.049116928532385e-16,0
cal_housing-d6-r10-n20000-b50,dense,traversal,traversal,traversal,6.158878095448017,6.148983025923371,6.163674173876643,2048,1.6653345369377348e-16,0
cal_housing-d6-r10-n20000-b50,dense,traversal,traversal,dense,2.1751439198851585,2.105999970808625,3.747145179659128,11215872,6.661338147750939e-16,0
cal_housing-d6-r10-n20000-b50,dense,traversal,traversal,policy,2.1222238428890705,2.1187691017985344,2.860383130609989,11215872,6.38378239159465e-16,0
cal_housing-d6-r10-n100000-b10,dense,traversal,traversal,traversal,6.480745039880276,6.474555935710669,6.487895967438817,2048,1.1102230246251565e-16,0
cal_housing-d6-r10-n100000-b10,dense,traversal,traversal,dense,8.733957074582577,8.642569184303284,8.735270006582141,8028160,3.608224830031759e-16,0
cal_housing-d6-r10-n100000-b10,dense,traversal,traversal,policy,8.74618487432599,8.73100315220654,8.76392307691276,8028160,3.608224830031759e-16,0
cal_housing-d6-r10-n200-b10000,dense,dense,traversal,traversal,14.084851136431098,14.059092151001096,14.086944051086903,2048,2.55351295663786e-15,0
cal_housing-d6-r10-n200-b10000,dense,dense,traversal,dense,1.9984161481261253,1.8440729472786188,2.3056219797581434,6597632,5.3866633376031814e-14,0
cal_housing-d6-r10-n200-b10000,dense,dense,traversal,policy,1.8377630040049553,1.8227710388600826,2.267553936690092,6597632,5.390826673945526e-14,0
cal_housing-d6-r10-n20000-b100,dense,dense,dense,traversal,11.606828076764941,11.602491838857532,11.609942885115743,2048,3.0531133177191805e-16,0
cal_housing-d6-r10-n20000-b100,dense,dense,dense,dense,2.1270920988172293,2.103285863995552,2.1349929738789797,11223040,1.0547118733938987e-15,0
cal_housing-d6-r10-n20000-b100,dense,dense,dense,policy,2.1374369971454144,2.1323999390006065,2.162093995139003,11223040,1.0547118733938987e-15,0
cal_housing-d6-r10-n100000-b20,dense,traversal,traversal,traversal,12.010429054498672,12.003309093415737,12.039192952215672,2048,1.3877787807814457e-16,0
cal_housing-d6-r10-n100000-b20,dense,traversal,traversal,dense,9.061864111572504,8.774868911132216,9.544925997033715,8029184,6.106226635438361e-16,0
cal_housing-d6-r10-n100000-b20,dense,traversal,traversal,policy,8.82596685551107,8.80851992405951,11.122924974188209,8029184,6.106226635438361e-16,0
cal_housing-d6-r10-n5000-b100,traversal,traversal,traversal,traversal,3.037499962374568,3.031641012057662,3.0407048761844635,2048,2.220446049250313e-16,0
cal_housing-d6-r10-n5000-b100,traversal,traversal,traversal,dense,1.794497948139906,1.7848729621618986,1.8321149982511997,3303424,8.049116928532385e-16,0
cal_housing-d6-r10-n5000-b100,traversal,traversal,traversal,policy,3.0382820405066013,3.0291180592030287,3.0602249316871166,2048,2.220446049250313e-16,0
cal_housing-d6-r100-n100-b10000,dense,dense,traversal,traversal,57.33888898976147,57.289042975753546,57.34159308485687,2048,1.0658141036401503e-14,0
cal_housing-d6-r100-n100-b10000,dense,dense,traversal,dense,14.43794695660472,14.290933962911367,14.526070095598698,5313024,1.3682943666992742e-12,0
cal_housing-d6-r100-n100-b10000,dense,dense,traversal,policy,14.351795893162489,14.300026930868626,14.484266052022576,5313024,1.3683498778505054e-12,0
cal_housing-d6-r100-n1000-b1000,dense,dense,dense,traversal,54.12420001812279,54.055055137723684,54.158651968464255,2048,3.6637359812630166e-15,0
cal_housing-d6-r100-n1000-b1000,dense,dense,dense,dense,14.085212023928761,13.985451078042388,15.830836025997996,1165824,1.34781075189494e-13,0
cal_housing-d6-r100-n1000-b1000,dense,dense,dense,policy,14.103699941188097,14.048486016690731,14.27054195664823,1165824,1.3455903058456897e-13,0
cal_housing-d6-r100-n10000-b100,dense,dense,dense,traversal,55.04303192719817,54.959445958957076,55.05947698839009,2048,1.5543122344752192e-15,0
cal_housing-d6-r100-n10000-b100,dense,dense,dense,dense,14.434291049838066,14.318805187940598,14.468481997027993,5313024,2.1538326677728037e-14,0
cal_housing-d6-r100-n10000-b100,dense,dense,dense,policy,14.210690977051854,14.17507790029049,14.746033120900393,5313024,2.1538326677728037e-14,0
cal_housing-d6-r100-n20000-b50,dense,traversal,traversal,traversal,56.93492596037686,56.93343514576554,56.940705981105566,2048,1.1102230246251565e-15,0
cal_housing-d6-r100-n20000-b50,dense,traversal,traversal,dense,17.86186103709042,17.57303299382329,17.943716142326593,8458752,1.354472090042691e-14,0
cal_housing-d6-r100-n20000-b50,dense,traversal,traversal,policy,17.99551397562027,17.74927112273872,18.08857498690486,8458752,1.3766765505351941e-14,0
cal_housing-d6-r100-n100000-b10,dense,traversal,traversal,traversal,60.49001100473106,60.45042094774544,60.5141781270504,2048,6.661338147750939e-16,0
cal_housing-d6-r100-n100000-b10,dense,traversal,traversal,dense,85.32831794582307,85.28255904093385,85.88706492446363,8028160,7.549516567451064e-15,0
cal_housing-d6-r100-n100000-b10,dense,traversal,traversal,policy,85.19892184995115,85.13607690110803,85.84226691164076,8028160,7.549516567451064e-15,0
cal_housing-d6-r100-n200-b10000,dense,dense,traversal,traversal,108.48914505913854,108.4352231118828,108.5471420083195,2048,1.1324274851176597e-14,0
cal_housing-d6-r100-n200-b10000,dense,dense,traversal,dense,14.80290899053216,14.607332879677415,18.783256178721786,5364224,9.987566329527908e-13,0
cal_housing-d6-r100-n200-b10000,dense,dense,traversal,policy,14.536235015839338,14.364555012434721,18.461188999935985,5364224,9.985345883478658e-13,0
cal_housing-d6-r100-n20000-b100,dense,dense,dense,traversal,107.630925020203,107.59835503995419,107.64714004471898,2048,1.1102230246251565e-15,0
cal_housing-d6-r100-n20000-b100,dense,dense,dense,dense,17.575216945260763,17.53462594933808,17.897776095196605,8479744,2.731148640577885e-14,0
cal_housing-d6-r100-n20000-b100,dense,dense,dense,policy,17.60536292567849,17.5690078176558,18.144589848816395,8479744,2.731148640577885e-14,0
cal_housing-d6-r100-n100000-b20,dense,traversal,traversal,traversal,114.87365420907736,114.82201609760523,114.91202190518379,2048,8.881784197001252e-16,0
cal_housing-d6-r100-n100000-b20,dense,traversal,traversal,dense,85.72318614460528,85.6526792049408,85.73870896361768,8029184,1.2212453270876722e-14,0
cal_housing-d6-r100-n100000-b20,dense,traversal,traversal,policy,89.67777504585683,87.81193918548524,94.64313508942723,8029184,1.2212453270876722e-14,0
cal_housing-d6-r100-n5000-b100,traversal,traversal,traversal,traversal,28.354492969810963,28.342223027721047,28.39523390866816,2048,1.5543122344752192e-15,0
cal_housing-d6-r100-n5000-b100,traversal,traversal,traversal,dense,15.065106097608805,14.408772112801671,15.888442983850837,2753024,2.398081733190338e-14,0
cal_housing-d6-r100-n5000-b100,traversal,traversal,traversal,policy,28.391388012096286,28.372349916025996,28.397107031196356,2048,1.9984014443252818e-15,0
covtype-d3-r10-n100-b10000,dense,dense,traversal,traversal,9.135466068983078,9.10891592502594,9.152231039479375,2048,2.3314683517128287e-15,0
covtype-d3-r10-n100-b10000,dense,dense,traversal,dense,3.040886018425226,2.911649877205491,3.1297290697693825,13489152,1.630917623174355e-13,0
covtype-d3-r10-n100-b10000,dense,dense,traversal,policy,2.9752759728580713,2.898378996178508,3.117471933364868,13489152,1.630917623174355e-13,0
covtype-d3-r10-n1000-b1000,dense,dense,dense,traversal,9.14261699654162,9.118580026552081,9.159181034192443,2048,1.1657341758564144e-15,0
covtype-d3-r10-n1000-b1000,dense,dense,dense,dense,1.6556479968130589,1.6531639266759157,1.6854729037731886,2856960,1.7791323969618134e-14,0
covtype-d3-r10-n1000-b1000,dense,dense,dense,policy,1.6890380065888166,1.663789851590991,1.6923029907047749,2856960,1.7791323969618134e-14,0
covtype-d3-r10-n10000-b100,dense,dense,dense,traversal,9.285892825573683,9.272924158722162,9.288036031648517,2048,6.938893903907228e-16,0
covtype-d3-r10-n10000-b100,dense,dense,dense,dense,1.9740290008485317,1.9647558219730854,1.981921959668398,16655872,2.1371793224034263e-15,0
covtype-d3-r10-n10000-b100,dense,dense,dense,policy,1.96742988191545,1.9604391418397427,1.9748108461499214,16655872,2.1649348980190553e-15,0
covtype-d3-r10-n20000-b50,dense,traversal,traversal,traversal,9.07606608234346,9.071869077160954,9.096886962652206,2048,3.885780586188048e-16,0
covtype-d3-r10-n20000-b50,dense,traversal,traversal,dense,3.388061886653304,3.3776559866964817,3.490945789963007,33291264,1.5543122344752192e-15,0
covtype-d3-r10-n20000-b50,dense,traversal,traversal,policy,3.38313402608037,3.3685120288282633,3.5045479889959097,33291264,1.5543122344752192e-15,0
covtype-d3-r10-n100000-b10,dense,traversal,traversal,traversal,10.431128088384867,10.42894390411675,10.453682160004973,2048,1.1102230246251565e-16,0
covtype-d3-r10-n100000-b10,dense,traversal,traversal,dense,50.672351848334074,49.882335821166635,66.62508216686547,40011264,1.1102230246251565e-16,4
covtype-d3-r10-n100000-b10,dense,traversal,traversal,policy,52.978384075686336,48.266697907820344,54.47908700443804,40011264,1.1102230246251565e-16,4
covtype-d3-r10-n200-b10000,dense,dense,traversal,traversal,18.48866092041135,18.483862979337573,18.525256076827645,2048,4.440892098500626e-15,0
covtype-d3-r10-n200-b10000,dense,dense,traversal,dense,2.8902371414005756,2.8650290332734585,2.995576011016965,13529600,1.461886167675175e-13,0
covtype-d3-r10-n200-b10000,dense,dense,traversal,policy,2.8651098255068064,2.8640571981668472,2.8766868636012077,13529600,1.461886167675175e-13,0
covtype-d3-r10-n20000-b100,dense,dense,dense,traversal,19.124743063002825,19.124303944408894,19.130331929773092,2048,6.38378239159465e-16,0
covtype-d3-r10-n20000-b100,dense,dense,dense,dense,3.3926081378012896,3.3851771149784327,3.443365218117833,33295360,2.4424906541753444e-15,0
covtype-d3-r10-n20000-b100,dense,dense,dense,policy,3.4301651176065207,3.3838150557130575,3.4923988860100508,33295360,2.4147350785597155e-15,0
covtype-d3-r10-n100000-b20,dense,traversal,traversal,traversal,19.973839865997434,19.970755092799664,20.023555029183626,2048,1.1102230246251565e-16,0
covtype-d3-r10-n100000-b20,dense,traversal,traversal,dense,64.97671501711011,52.95860394835472,65.95036992803216,40012288,1.1102230246251565e-16,4
covtype-d3-r10-n100000-b20,dense,traversal,traversal,policy,61.211292864754796,52.09693987853825,63.08511015959084,40012288,1.1102230246251565e-16,4
covtype-d3-r10-n5000-b100,traversal,traversal,traversal,traversal,4.537962842732668,4.5330950524657965,4.538764012977481,2048,6.106226635438361e-16,0
covtype-d3-r10-n5000-b100,traversal,traversal,traversal,dense,1.758874161168933,1.7268359661102295,1.782009145244956,8335872,2.0261570199409107e-15,0
covtype-d3-r10-n5000-b100,traversal,traversal,traversal,policy,4.53465711325407,4.530210979282856,4.548599012196064,2048,5.273559366969494e-16,0
covtype-d6-r10-n100-b10000,dense,dense,traversal,traversal,24.48853710666299,24.479191983118653,24.50086595490575,2048,1.3600232051658168e-15,0
covtype-d6-r10-n100-b10000,dense,dense,traversal,dense,9.824849897995591,9.803146123886108,9.917909977957606,12368896,1.2129186544029835e-13,0
covtype-d6-r10-n100-b10000,dense,dense,traversal,policy,9.852360934019089,9.810989024117589,9.99782094731927,12368896,1.2129186544029835e-13,0
covtype-d6-r10-n1000-b1000,dense,dense,dense,traversal,24.939839961007237,24.933762149885297,24.94704187847674,2048,9.159339953157541e-16,0
covtype-d6-r10-n1000-b1000,dense,dense,dense,dense,9.841275168582797,9.618005948141217,10.549317114055157,2040832,2.1066481892262345e-14,0
covtype-d6-r10-n1000-b1000,dense,dense,dense,policy,9.81265096925199,9.743296075612307,9.820593055337667,2040832,2.1066481892262345e-14,0
covtype-d6-r10-n10000-b100,dense,dense,dense,traversal,24.979901034384966,24.969786871224642,25.000952882692218,2048,3.885780586188048e-16,0
covtype-d6-r10-n10000-b100,dense,dense,dense,dense,9.829637128859758,9.819610975682735,9.873843984678388,9615872,1.942890293094024e-15,0
covtype-d6-r10-n10000-b100,dense,dense,dense,policy,9.86778480000794,9.830036899074912,9.87016805447638,9615872,1.942890293094024e-15,0
covtype-d6-r10-n20000-b50,dense,traversal,traversal,traversal,24.923865916207433,24.917897069826722,24.954042164608836,2048,3.885780586188048e-16,0
covtype-d6-r10-n20000-b50,dense,traversal,traversal,dense,12.23674206994474,12.187897926196456,16.217540949583054,19211264,1.27675647831893e-15,0
covtype-d6-r10-n20000-b50,dense,traversal,traversal,policy,13.060008874163032,12.57825898937881,13.266952941194177,19211264,1.304512053934559e-15,0
covtype-d6-r10-n100000-b10,dense,traversal,traversal,traversal,27.390492148697376,27.380326064303517,27.41179382428527,2048,1.1102230246251565e-16,0
covtype-d6-r10-n100000-b10,dense,traversal,traversal,dense,81.23273495584726,78.49138299934566,82.00206910260022,40011264,1.1102230246251565e-16,4
covtype-d6-r10-n100000-b10,dense,traversal,traversal,policy,71.20738085359335,61.62663106806576,71.94072217680514,40011264,1.1102230246251565e-16,4
covtype-d6-r10-n200-b10000,dense,dense,traversal,traversal,47.597785014659166,47.55474999547005,47.63023485429585,2048,2.4980018054066022e-15,0
covtype-d6-r10-n200-b10000,dense,dense,traversal,dense,10.249522980302572,10.051993886008859,10.312939062714577,12409344,9.908740494779522e-14,0
covtype-d6-r10-n200-b10000,dense,dense,traversal,policy,9.939011884853244,9.882556973025203,9.985812939703465,12409344,9.903189379656396e-14,0
covtype-d6-r10-n20000-b100,dense,dense,dense,traversal,48.963754903525114,48.92809991724789,48.96993306465447,2048,3.3306690738754696e-16,0
covtype-d6-r10-n20000-b100,dense,dense,dense,dense,12.525409925729036,12.237203074619174,15.01042302697897,19215360,2.6367796834847468e-15,0
covtype-d6-r10-n20000-b100,dense,dense,dense,policy,12.453990988433361,12.315490981563926,12.578159105032682,19215360,2.6367796834847468e-15,0
covtype-d6-r10-n100000-b20,dense,traversal,traversal,traversal,50.918143009766936,50.89666205458343,50.95026199705899,2048,1.6653345369377348e-16,0
covtype-d6-r10-n100000-b20,dense,traversal,traversal,dense,96.98844514787197,80.52772586233914,100.999740883708,40012288,1.6653345369377348e-16,4
covtype-d6-r10-n100000-b20,dense,traversal,traversal,policy,90.54206195287406,78.25110899284482,95.61417414806783,40012288,1.6653345369377348e-16,4
covtype-d6-r10-n5000-b100,traversal,traversal,traversal,traversal,12.984123779460788,12.983232969418168,13.022111961618066,2048,3.608224830031759e-16,0
covtype-d6-r10-n5000-b100,traversal,traversal,traversal,dense,11.880272068083286,10.20772010087967,15.695480862632394,4815872,2.0816681711721685e-15,0
covtype-d6-r10-n5000-b100,traversal,traversal,traversal,policy,13.003793079406023,12.98659690655768,13.020938960835338,2048,3.885780586188048e-16,0
covtype-d6-r100-n100-b10000,dense,dense,traversal,traversal,242.55452980287373,242.49241617508233,242.69415088929236,2048,2.5424107263916085e-14,0
covtype-d6-r100-n100-b10000,dense,dense,traversal,dense,88.34299305453897,87.07698388025165,89.54472211189568,25868288,3.191003017377625e-12,0
covtype-d6-r100-n100-b10000,dense,dense,traversal,policy,91.31581406109035,88.99855497293174,94.39406613819301,25868288,3.191003017377625e-12,0
covtype-d6-r100-n1000-b1000,dense,dense,dense,traversal,243.70859703049064,243.69023903273046,243.97469009272754,2048,1.6986412276764895e-14,0
covtype-d6-r100-n1000-b1000,dense,dense,dense,dense,86.72245708294213,86.38427499681711,93.77133194357157,7689728,3.0475622025960547e-13,0
covtype-d6-r100-n1000-b1000,dense,dense,dense,policy,102.34149196185172,86.89090190455317,102.69184201024473,7689728,3.0475622025960547e-13,0
covtype-d6-r100-n10000-b100,dense,dense,dense,traversal,254.5536900870502,254.3136270251125,254.79829008691013,2048,7.993605777301127e-15,0
covtype-d6-r100-n10000-b100,dense,dense,dense,dense,87.85497210919857,86.21811284683645,90.70354606956244,61502976,4.39648317751562e-14,0
covtype-d6-r100-n10000-b100,dense,dense,dense,policy,92.98393013887107,87.99005602486432,101.30468104034662,61502976,4.39648317751562e-14,0
covtype-d6-r100-n20000-b50,dense,traversal,traversal,traversal,252.34715710394084,252.0423959940672,252.4577439762652,2048,2.55351295663786e-15,0
covtype-d6-r100-n20000-b50,dense,traversal,traversal,dense,305.4600032046437,300.3820239100605,306.0606538783759,41634304,2.6645352591003757e-15,4
covtype-d6-r100-n20000-b50,dense,traversal,traversal,policy,287.76911087334156,287.73474995978177,315.6167359557003,41634304,2.6645352591003757e-15,4
covtype-d6-r100-n100000-b10,dense,traversal,traversal,traversal,256.8562540691346,256.8556738551706,257.08998809568584,2048,6.661338147750939e-16,0
covtype-d6-r100-n100000-b10,dense,traversal,traversal,dense,299.94957591407,297.9600429534912,300.59386184439063,40011264,8.881784197001252e-16,4
covtype-d6-r100-n100000-b10,dense,traversal,traversal,policy,300.8647521492094,300.53747608326375,301.208603894338,40011264,8.881784197001252e-16,4
covtype-d6-r100-n200-b10000,dense,dense,traversal,traversal,507.3149062227458,507.294864859432,507.50382198020816,2048,9.392486788328824e-14,0
covtype-d6-r100-n200-b10000,dense,dense,traversal,dense,88.77198910340667,88.28090596944094,98.73416600748897,26124288,2.9983793226051603e-12,0
covtype-d6-r100-n200-b10000,dense,dense,traversal,policy,88.54757901281118,88.2307100109756,89.58376897498965,26124288,2.9983793226051603e-12,0
covtype-d6-r100-n20000-b100,dense,dense,dense,traversal,556.7370972130448,556.3193850684911,557.2076679673046,2048,8.326672684688674e-15,0
covtype-d6-r100-n20000-b100,dense,dense,dense,dense,597.7348431479186,592.7749930415303,600.9788101073354,41655296,8.881784197001252e-15,4
covtype-d6-r100-n20000-b100,dense,dense,dense,policy,600.2944097854197,599.9417090788484,600.563629064709,41655296,8.659739592076221e-15,4
covtype-d6-r100-n100000-b20,dense,traversal,traversal,traversal,522.6068319752812,522.2247259225696,522.9392549954355,2048,2.1094237467877974e-15,0
covtype-d6-r100-n100000-b20,dense,traversal,traversal,dense,578.5103549715132,564.1174749471247,585.539637831971,40012288,2.220446049250313e-15,4
covtype-d6-r100-n100000-b20,dense,traversal,traversal,policy,573.8373380154371,557.4868840631098,580.9825968462974,40012288,2.1094237467877974e-15,4
covtype-d6-r100-n5000-b100,traversal,traversal,traversal,traversal,122.88153194822371,122.6846338249743,122.95071687549353,2048,2.4424906541753444e-15,0
covtype-d6-r100-n5000-b100,traversal,traversal,traversal,dense,86.11568412743509,86.02288295514882,86.57130412757397,30781440,4.5075054799781356e-14,0
covtype-d6-r100-n5000-b100,traversal,traversal,traversal,policy,122.76002811267972,122.6820710580796,123.01874114200473,2048,2.7755575615628914e-15,0
fashion_mnist-d3-r10-n100-b10000,dense,dense,traversal,traversal,19.816068932414055,19.814777886494994,19.819034030660987,2048,1.609823385706477e-15,0
fashion_mnist-d3-r10-n100-b10000,dense,dense,traversal,dense,2.0816619507968426,2.006218070164323,2.1054591052234173,7391232,1.2687073613903976e-13,0
fashion_mnist-d3-r10-n100-b10000,dense,dense,traversal,policy,2.0030939485877752,1.9918670877814293,2.003123052418232,7391232,1.2687073613903976e-13,0
fashion_mnist-d3-r10-n1000-b1000,dense,dense,dense,traversal,20.086199045181274,20.080369897186756,20.131085999310017,2048,9.71445146547012e-16,0
fashion_mnist-d3-r10-n1000-b1000,dense,dense,dense,dense,2.1500750444829464,2.1241961512714624,2.6204888708889484,1481216,2.0317081350640365e-14,0
fashion_mnist-d3-r10-n1000-b1000,dense,dense,dense,policy,2.1748640574514866,2.126571023836732,2.614720957353711,1481216,2.0289325775024736e-14,0
fashion_mnist-d3-r10-n10000-b100,dense,dense,dense,traversal,21.808097139000893,21.80306799709797,21.82601299136877,2048,4.440892098500626e-16,0
fashion_mnist-d3-r10-n10000-b100,dense,dense,dense,dense,3.910061903297901,3.9012280758470297,3.9132169913500547,7391232,3.0531133177191805e-15,0
fashion_mnist-d3-r10-n10000-b100,dense,dense,dense,policy,3.9064958691596985,3.9042129646986723,3.918563947081566,7391232,2.9976021664879227e-15,0
fashion_mnist-d3-r10-n20000-b50,dense,traversal,traversal,traversal,23.907925933599472,23.8877369556576,23.918071994557977,2048,3.3306690738754696e-16,0
fashion_mnist-d3-r10-n20000-b50,dense,traversal,traversal,dense,8.302774047479033,8.302364032715559,8.31176689825952,14739968,1.0547118733938987e-15,0
fashion_mnist-d3-r10-n20000-b50,dense,traversal,traversal,policy,8.303344948217273,8.293729973956943,8.304215967655182,14739968,1.1102230246251565e-15,0
fashion_mnist-d3-r10-n100000-b10,dense,traversal,traversal,traversal,41.4396058768034,41.432475904002786,41.45104391500354,2048,1.1102230246251565e-16,0
fashion_mnist-d3-r10-n100000-b10,dense,traversal,traversal,dense,41.7517488822341,41.75085783936083,41.77086800336838,12811776,4.996003610813204e-16,0
fashion_mnist-d3-r10-n100000-b10,dense,traversal,traversal,policy,41.75895010121167,41.752870893105865,41.77437396720052,12811776,4.996003610813204e-16,0
fashion_mnist-d3-r10-n200-b10000,dense,dense,traversal,traversal,38.00579602830112,37.99291583709419,38.01101399585605,2048,1.609823385706477e-15,0
fashion_mnist-d3-r10-n200-b10000,dense,dense,traversal,dense,2.050254959613085,2.027871087193489,2.070956164970994,7413760,1.708633234898116e-13,0
fashion_mnist-d3-r10-n200-b10000,dense,dense,traversal,policy,2.038816921412945,2.0049859303981066,2.051205839961767,7413760,1.7089107906542722e-13,0
fashion_mnist-d3-r10-n20000-b100,dense,dense,dense,traversal,41.794404154643416,41.77719820290804,41.81409301236272,2048,6.106226635438361e-16,0
fashion_mnist-d3-r10-n20000-b100,dense,dense,dense,dense,8.460934041067958,8.448745124042034,8.461643941700459,14751232,3.0531133177191805e-15,0
fashion_mnist-d3-r10-n20000-b100,dense,dense,dense,policy,8.454774040728807,8.452681126073003,8.466841885820031,14751232,3.1086244689504383e-15,0
fashion_mnist-d3-r10-n100000-b20,dense,traversal,traversal,traversal,59.667950961738825,59.6406189724803,59.68594807200134,2048,2.220446049250313e-16,0
fashion_mnist-d3-r10-n100000-b20,dense,traversal,traversal,dense,45.13623402453959,45.1334600802511,45.14803201891482,12812800,8.326672684688674e-16,0
fashion_mnist-d3-r10-n100000-b20,dense,traversal,traversal,policy,45.15312006697059,45.14490719884634,45.157497050240636,12812800,8.326672684688674e-16,0
fashion_mnist-d3-r10-n5000-b100,traversal,traversal,traversal,traversal,11.398532893508673,11.393985012546182,11.398883070796728,2048,5.551115123125783e-16,0
fashion_mnist-d3-r10-n5000-b100,traversal,traversal,traversal,dense,2.863246016204357,2.8441871982067823,2.9046491254121065,3711488,2.3592239273284576e-15,0
fashion_mnist-d3-r10-n5000-b100,traversal,traversal,traversal,policy,11.39190187677741,11.390990810468793,11.394605971872807,2048,4.440892098500626e-16,0
fashion_mnist-d6-r10-n100-b10000,dense,dense,traversal,traversal,85.28451505117118,85.18147794529796,85.55485401302576,2048,1.4155343563970746e-15,0
fashion_mnist-d6-r10-n100-b10000,dense,dense,traversal,dense,14.390212018042803,14.33109282515943,14.411264099180698,5450752,8.107403637325206e-14,0
fashion_mnist-d6-r10-n100-b10000,dense,dense,traversal,policy,14.476382872089744,14.362389920279384,14.565167017281055,5450752,8.107403637325206e-14,0
fashion_mnist-d6-r10-n1000-b1000,dense,dense,dense,traversal,85.75661992654204,85.71805106475949,85.77128103934228,2048,6.106226635438361e-16,0
fashion_mnist-d6-r10-n1000-b1000,dense,dense,dense,dense,14.345585135743022,14.340127119794488,14.382690889760852,1406976,1.1546319456101628e-14,0
fashion_mnist-d6-r10-n1000-b1000,dense,dense,dense,policy,14.287857105955482,14.232042944058776,14.33960604481399,1406976,1.1546319456101628e-14,0
fashion_mnist-d6-r10-n10000-b100,dense,dense,dense,traversal,87.54019998013973,87.51769596710801,87.56826282478869,2048,1.6653345369377348e-16,0
fashion_mnist-d6-r10-n10000-b100,dense,dense,dense,dense,17.694786889478564,17.496025888249278,24.35957989655435,5450752,1.6375789613221059e-15,0
fashion_mnist-d6-r10-n10000-b100,dense,dense,dense,policy,17.708817962557077,17.533081118017435,17.867960035800934,5450752,1.582067810090848e-15,0
fashion_mnist-d6-r10-n20000-b50,dense,traversal,traversal,traversal,90.18409484997392,90.1358718983829,90.34328605048358,2048,2.220446049250313e-16,0
fashion_mnist-d6-r10-n20000-b50,dense,traversal,traversal,dense,31.08895104378462,31.02679713629186,31.18835180066526,8969216,1.1102230246251565e-15,0
fashion_mnist-d6-r10-n20000-b50,dense,traversal,traversal,policy,30.989631079137325,30.930642038583755,31.58878698013723,8969216,1.0824674490095276e-15,0
fashion_mnist-d6-r10-n100000-b10,dense,traversal,traversal,traversal,159.7823731135577,159.67858582735062,160.1430990267545,2048,1.6653345369377348e-16,0
fashion_mnist-d6-r10-n100000-b10,dense,traversal,traversal,dense,180.51048298366368,180.4694221355021,180.52275199443102,11207680,4.440892098500626e-16,0
fashion_mnist-d6-r10-n100000-b10,dense,traversal,traversal,policy,180.47109385952353,180.45326718129218,180.50819099880755,11207680,4.718447854656915e-16,0
fashion_mnist-d6-r10-n200-b10000,dense,dense,traversal,traversal,172.91907593607903,172.85618116147816,172.9436640162021,2048,2.4980018054066022e-15,0
fashion_mnist-d6-r10-n200-b10000,dense,dense,traversal,dense,14.52415599487722,14.502221951261163,14.620061032474041,5650432,1.124100812432971e-13,0
fashion_mnist-d6-r10-n200-b10000,dense,dense,traversal,policy,14.450754038989544,14.162065926939249,14.80772509239614,5650432,1.124100812432971e-13,0
fashion_mnist-d6-r10-n20000-b100,dense,dense,dense,traversal,178.147213999182,177.75618191808462,178.23311500251293,2048,2.220446049250313e-16,0
fashion_mnist-d6-r10-n20000-b100,dense,dense,dense,dense,32.95519691891968,32.94633305631578,33.189652021974325,8970752,1.6514567491299204e-15,0
fashion_mnist-d6-r10-n20000-b100,dense,dense,dense,policy,33.08640490286052,32.9835198353976,34.27490498870611,8970752,1.6375789613221059e-15,0
fashion_mnist-d6-r10-n100000-b20,dense,traversal,traversal,traversal,297.71551419980824,297.70538001321256,297.71799920126796,2048,1.3877787807814457e-16,0
fashion_mnist-d6-r10-n100000-b20,dense,traversal,traversal,dense,227.33741509728134,227.26837103255093,227.38316492177546,11208192,4.996003610813204e-16,0
fashion_mnist-d6-r10-n100000-b20,dense,traversal,traversal,policy,227.23491117358208,227.19213599339128,227.28394507430494,11208192,4.996003610813204e-16,0
fashion_mnist-d6-r10-n5000-b100,traversal,traversal,traversal,traversal,46.53677484020591,46.52414610609412,46.59755597822368,2048,4.3021142204224816e-16,0
fashion_mnist-d6-r10-n5000-b100,traversal,traversal,traversal,dense,16.641781898215413,15.844014007598162,16.921576112508774,2927616,1.7763568394002505e-15,0
fashion_mnist-d6-r10-n5000-b100,traversal,traversal,traversal,policy,46.59007512964308,46.53751500882208,46.71868006698787,2048,4.163336342344337e-16,0
fashion_mnist-d6-r100-n100-b10000,dense,dense,traversal,traversal,939.3836450763047,937.1349718421698,940.487417858094,2048,5.434541705540141e-14,0
fashion_mnist-d6-r100-n100-b10000,dense,dense,traversal,dense,136.02564414031804,133.87137115933,145.60549100860953,5507584,1.6464052343678759e-12,0
fashion_mnist-d6-r100-n100-b10000,dense,dense,traversal,policy,134.54300817102194,134.18412511236966,135.93010907061398,5507584,1.6464052343678759e-12,0
fashion_mnist-d6-r100-n1000-b1000,dense,dense,dense,traversal,948.6021059565246,948.5155688598752,952.5449089705944,2048,1.071365218763276e-14,0
fashion_mnist-d6-r100-n1000-b1000,dense,dense,dense,dense,134.7160788718611,134.58675402216613,135.36204700358212,1360384,1.0691447727140257e-13,0
fashion_mnist-d6-r100-n1000-b1000,dense,dense,dense,policy,135.99099917337298,134.36661008745432,147.58114097639918,1360384,1.0702549957386509e-13,0
fashion_mnist-d6-r100-n10000-b100,dense,dense,dense,traversal,970.3139269258827,968.5009950771928,973.8599578849971,2048,4.3298697960381105e-15,0
fashion_mnist-d6-r100-n10000-b100,dense,dense,dense,dense,155.58528085239232,155.08645586669445,156.0988579876721,5507584,1.687538997430238e-14,0
fashion_mnist-d6-r100-n10000-b100,dense,dense,dense,policy,156.3640700187534,155.96549678593874,156.51254612021148,5507584,1.687538997430238e-14,0
fashion_mnist-d6-r100-n20000-b50,dense,traversal,traversal,traversal,1015.01824404113,1011.3169199321419,1015.6351628247648,2048,2.4424906541753444e-15,0
fashion_mnist-d6-r100-n20000-b50,dense,traversal,traversal,dense,271.6398050542921,270.8412678912282,271.92328381352127,8616448,1.0658141036401503e-14,0
fashion_mnist-d6-r100-n20000-b50,dense,traversal,traversal,policy,271.4147949591279,271.37811994180083,271.7629021499306,8616448,1.0658141036401503e-14,0
fashion_mnist-d6-r100-n100000-b10,dense,traversal,traversal,traversal,1935.0226130336523,1931.1092419084162,1937.4170280061662,2048,1.887379141862766e-15,0
fashion_mnist-d6-r100-n100000-b10,dense,traversal,traversal,dense,1611.1870149616152,1611.0111279413104,1611.2046029884368,8058368,3.774758283725532e-15,0
fashion_mnist-d6-r100-n100000-b10,dense,traversal,traversal,policy,1611.4118359982967,1611.106701893732,1611.4632880780846,8058368,3.774758283725532e-15,0
fashion_mnist-d6-r100-n200-b10000,dense,dense,traversal,traversal,1888.1242501083761,1885.8766378834844,1889.7192620206624,2048,5.6621374255882984e-14,0
fashion_mnist-d6-r100-n200-b10000,dense,dense,traversal,dense,137.91903899982572,137.25382299162447,139.86287405714393,5558784,1.1717848913406215e-12,0
fashion_mnist-d6-r100-n200-b10000,dense,dense,traversal,policy,138.40105989947915,138.074274873361,148.17614294588566,5558784,1.1717848913406215e-12,0
fashion_mnist-d6-r100-n20000-b100,dense,dense,dense,traversal,1982.23692108877,1978.8203400094062,1985.0899390876293,2048,4.884981308350689e-15,0
fashion_mnist-d6-r100-n20000-b100,dense,dense,dense,dense,294.0439770463854,293.9491190481931,295.0869940686971,8637440,3.008704396734174e-14,0
fashion_mnist-d6-r100-n20000-b100,dense,dense,dense,policy,294.16918312199414,293.62149396911263,294.21856021508574,8637440,3.008704396734174e-14,0
fashion_mnist-d6-r100-n100000-b20,dense,traversal,traversal,traversal,3877.5271479971707,3876.8741809763014,3880.3718050476164,2048,1.7763568394002505e-15,0
fashion_mnist-d6-r100-n100000-b20,dense,traversal,traversal,dense,2065.1901189703494,2065.1562600396574,2065.2151310350746,8059392,5.88418203051333e-15,0
fashion_mnist-d6-r100-n100000-b20,dense,traversal,traversal,policy,2065.03316690214,2064.730091020465,2065.0869568344206,8059392,5.995204332975845e-15,0
fashion_mnist-d6-r100-n5000-b100,traversal,traversal,traversal,traversal,488.2613748777658,487.965997075662,488.42416191473603,2048,1.4988010832439613e-15,0
fashion_mnist-d6-r100-n5000-b100,traversal,traversal,traversal,dense,140.80873504281044,140.17802011221647,142.0508970040828,2947584,1.687538997430238e-14,0
fashion_mnist-d6-r100-n5000-b100,traversal,traversal,traversal,policy,484.0032970532775,483.8273210916668,487.97967890277505,2048,1.609823385706477e-15,0
